company,location,industry,total_laid_off,percentage_laid_off,date,stage,country,funds_raised_millions
Addi,Bogota,Finance,,,2022-06-14,Series C,Colombia,376.0
Adobe,SF Bay Area,Marketing,100,,2022-12-06,Post-IPO,United States,2.0
Affirm,SF Bay Area,Finance,500,0.19,2023-02-08,Post-IPO,United States,1500.0
Amount,Chicago,Finance,,0.18,2022-06-27,Unknown,United States,283.0
AngelList,SF Bay Area,Recruiting,20,,2020-03-31,Series B,United States,26.0
Apeel Sciences,Santa Barbara,Food,,,2022-07-11,Series E,United States,640.0
Atome,Singapore,Finance,,,2022-10-06,Unknown,Singapore,645.0
Avantage Entertainment,Minneapolis,Media,5,0.2,2020-04-03,Unknown,United States,
Bakkt,Atlanta,Crypto,,0.15,2022-12-08,Post-IPO,United States,932.0
Bestow,Dallas,Finance,41,0.14,2022-06-24,Series C,United States,137.0
Bevi,Boston,Food,30,0.2,2020-03-27,Series C,United States,60.0
Blend,SF Bay Area,Finance,100,0.06,2022-11-10,Post-IPO,United States,665.0
Branch Metrics,SF Bay Area,Marketing,100,0.2,2020-04-07,Series E,United States,367.0
Brighte,Sydney,Energy,58,,2022-09-09,Series C,Australia,145.0
Button,New York City,Marketing,48,0.35,2020-04-08,Series C,United States,64.0
Cazoo,London,Transportation,750,0.15,2022-06-07,Post-IPO,United Kingdom,2000.0
Change Invest,Amsterdam,Finance,,0.24,2022-11-27,Unknown,Netherlands,22.0
Chipax,Santiago,Finance,,,2022-11-11,Seed,Chile,2.0
Citizen,New York City,Consumer,33,,2023-01-11,Series C,United States,133.0
Clear,Bengaluru,Finance,190,0.2,2022-09-16,Series C,India,140.0
Clearbanc,Toronto,Finance,17,0.08,2020-04-13,Series B,Canada,119.0
Clever Real Estate,St. Louis,Real Estate,,,2022-10-19,Series B,United States,13.0
CloudFactory,Nairobi,Data,,0.12,2022-11-09,Private Equity,Kenya,78.0
CodeCombat,SF Bay Area,Education,8,,2020-10-23,Series A,United States,8.0
CrowdRiff,Toronto,Marketing,,,2020-04-16,Series A,Canada,11.0
D2L,Waterloo,Education,,0.05,2022-11-16,Post-IPO,Canada,168.0
Daloopa,New Delhi,Data,40,,2022-05-27,Series A,India,23.0
Deliveroo,London,Food,350,0.09,2023-02-09,Post-IPO,United Kingdom,1700.0
Deliveroo Australia,Melbourne,Food,120,1.0,2022-11-15,Post-IPO,Australia,1700.0
Digital Surge,Brisbane,Crypto,,1.0,2022-12-09,Unknown,Australia,
Doma,SF Bay Area,Finance,515,0.4,2022-12-06,Post-IPO,United States,679.0
Editas Medicine,Boston,Healthcare,,0.2,2023-01-09,Post-IPO,United States,656.0
Elemy,SF Bay Area,Healthcare,,,2022-07-18,Series B,United States,323.0
Envoy,SF Bay Area,HR,58,0.3,2020-04-14,Series B,United States,59.0
EverBridge,Boston,Security,200,,2022-11-08,Post-IPO,United States,476.0
Favo,Sao Paulo,Food,170,,2022-06-02,Series A,Brazil,31.0
Faze Medicines,Boston,Healthcare,,1.0,2022-11-09,Series B,United States,81.0
Firework,SF Bay Area,Retail,,0.1,2022-11-29,Series B,United States,269.0
Flexport,SF Bay Area,Logistics,640,0.2,2023-01-11,Series E,United States,2400.0
Flipboard,SF Bay Area,Media,24,0.21,2022-10-16,Unknown,United States,235.0
Flywire,Boston,Finance,60,0.12,2020-05-07,Series E,United States,263.0
Foxtrot,Chicago,Food,26,0.035,2022-09-23,Series C,United States,166.0
Freshly,New York City,Food,,0.25,2022-07-18,Acquired,United States,107.0
Front,SF Bay Area,Support,,,2022-09-28,Series D,United States,203.0
FullStory,Atlanta,Marketing,,,2020-04-16,Series C,United States,59.0
Fundbox,SF Bay Area,Finance,150,0.42,2022-10-25,Series D,United States,553.0
Gemini,New York City,Crypto,68,0.07,2022-07-18,Unknown,United States,423.0
Genesis,New York City,Crypto,60,0.3,2023-01-05,Series A,United States,
Gitpod,Kiel,Product,21,0.28,2023-01-24,Series A,Germany,41.0
Goodfood,Calgary,Food,70,,2022-04-07,Post-IPO,Canada,16.0
Gopuff,Philadelphia,Food,1500,0.1,2022-07-12,Series H,United States,3400.0
Grailed,New York City,Retail,,,2020-04-16,Series A,United States,16.0
Groupon,Chicago,Retail,500,0.15,2022-08-08,Post-IPO,United States,1400.0
Grove Collaborative,SF Bay Area,Retail,,0.17,2022-03-19,Series E,United States,474.0
HealthMatch,Sydney,Healthcare,18,0.5,2022-06-28,Series B,Australia,20.0
HealthifyMe,Bengaluru,Fitness,150,,2022-12-03,Series C,India,100.0
Hunty,Bogota,HR,30,,2022-06-14,Seed,Colombia,6.0
Huobi,Beijing,Crypto,300,0.3,2022-06-28,Unknown,China,2.0
IBM,New York City,Hardware,3900,0.02,2023-01-25,Post-IPO,United States,
InfoSum,London,Security,20,0.12,2022-10-19,Series B,United Kingdom,88.0
Inmobi,Bengaluru,Marketing,50,,2023-01-23,Unknown,India,320.0
Instacart,SF Bay Area,Food,1877,,2021-01-21,Unknown,United States,2400.0
Iron Ox,SF Bay Area,Food,50,0.5,2022-11-02,Series C,United States,103.0
Jiobit,Chicago,Consumer,6,0.21,2020-04-24,Unknown,United States,12.0
Juniper Square,SF Bay Area,Real Estate,,0.14,2022-09-06,Series C,United States,108.0
Karat,Seattle,HR,47,,2023-01-20,Unknown,United States,169.0
Kavak,Sao Paulo,Transportation,150,,2022-06-08,Series E,Brazil,1600.0
Kitopi,New York City,Food,124,,2020-04-29,Series B,United States,89.0
Klook,Hong Kong,Travel,300,0.15,2020-04-20,Series D,Hong Kong,521.0
Kraken,SF Bay Area,Crypto,1100,0.3,2022-11-30,Unknown,United States,134.0
Labster,Copenhagen,Education,40,,2020-04-17,Series B,Denmark,34.0
Ledn,Toronto,Crypto,,,2022-11-28,Series B,Canada,103.0
Lighthouse Labs,Toronto,Education,14,0.07,2020-04-09,Unknown,Canada,
LinkedIn,SF Bay Area,Recruiting,960,0.06,2020-07-21,Acquired,United States,154.0
Liongard,Houston,Infrastructure,,,2022-06-10,Series B,United States,22.0
LiveRamp,SF Bay Area,Marketing,,0.1,2022-11-03,Post-IPO,United States,16.0
Lummo,Jakarta,Marketing,150,,2022-06-07,Series C,Indonesia,149.0
Lusha,New York City,Marketing,30,0.1,2022-07-18,Series B,United States,245.0
Lyst,London,Retail,50,0.25,2022-11-29,Unknown,United Kingdom,144.0
MasterClass,SF Bay Area,Education,120,0.2,2022-06-22,Series E,United States,461.0
MessageBird,Amsterdam,Other,,0.31,2022-11-29,Series C,Netherlands,1100.0
Mode Global,London,Finance,,1.0,2023-01-26,Post-IPO,United Kingdom,
Momentive,SF Bay Area,Marketing,180,0.11,2022-10-10,Post-IPO,United States,1100.0
NCSoft,Seoul,Consumer,,0.2,2023-02-02,Post-IPO,South Korea,240.0
Namely,New York City,HR,110,0.4,2020-05-01,Series E,United States,217.0
Nav,Salt Lake City,Finance,30,,2020-04-07,Series C,United States,99.0
New Relic,SF Bay Area,Infrastructure,160,0.07,2021-04-06,Post-IPO,United States,214.5
NuoDB,Boston,Data,20,0.29,2020-04-10,Unknown,United States,85.0
OYO,Gurugram,Travel,600,,2022-12-03,Series F,India,4000.0
Okta,SF Bay Area,Security,24,,2022-08-26,Post-IPO,United States,1200.0
Ola,Bengaluru,Transportation,200,,2022-09-19,Series J,India,5000.0
Opencare,Toronto,Healthcare,18,0.25,2020-04-03,Series A,Canada,24.0
Outschool,SF Bay Area,Education,31,0.18,2022-07-05,Series D,United States,240.0
PaisaBazaar,Gurugram,Finance,1500,0.5,2020-06-16,Series G,India,496.0
Patreon,SF Bay Area,Media,80,0.17,2022-09-13,Series F,United States,413.0
Pear Therapeutics,Boston,Healthcare,59,0.22,2022-11-14,Post-IPO,United States,409.0
Peek,Salt Lake City,Travel,45,,2020-03-20,Series B,United States,39.0
PeerStreet,Los Angeles,Finance,51,0.3,2020-03-30,Series C,United States,110.0
Pier,Sao Paulo,Finance,111,0.39,2023-01-12,Series B,Brazil,42.0
Pipedrive,Tallinn,Sales,143,0.15,2022-11-14,Private Equity,Estonia,90.0
Productboard,SF Bay Area,Product,100,0.2,2022-11-15,Series D,United States,
Rapyd,Tel Aviv,Finance,,,2022-11-22,Unknown,Israel,770.0
Redox,Madison,Healthcare,44,0.25,2020-06-16,Series C,United States,50.0
Reserve,SF Bay Area,Crypto,,,2023-02-17,Unknown,United States,
Robinhood,SF Bay Area,Finance,340,0.09,2022-04-26,Post-IPO,United States,5600.0
Samsara,SF Bay Area,Logistics,300,0.18,2020-05-20,Series F,United States,530.0
Sendy,Nairobi,Logistics,54,0.2,2022-08-02,Series B,Kenya,26.0
ShipBob,Chicago,Logistics,,0.07,2022-08-25,Series E,United States,330.0
Shutterfly,SF Bay Area,Retail,360,,2023-01-25,Acquired,United States,50.0
Skillz,SF Bay Area,Consumer,70,0.1,2022-05-20,Post-IPO,United States,287.0
Smarsh,Portland,Security,,,2022-07-21,Private Equity,United States,
SpotHero,Chicago,Transportation,,,2020-03-24,Series D,United States,117.0
Spyce,Boston,Food,4,0.12,2020-04-08,Series A,United States,26.0
Stax,Orlando,Finance,24,,2023-02-24,Series D,United States,263.0
StreamElements,Tel Aviv,Media,40,0.2,2023-01-10,Series B,Israel,111.0
Stytch,SF Bay Area,Security,19,0.25,2023-02-27,Series B,United States,126.0
SumUp,Sao Paulo,Finance,100,0.03,2022-05-30,Unknown,Brazil,50.0
Sundae,SF Bay Area,Real Estate,,0.15,2022-06-30,Series C,United States,135.0
Sweetgreen,Los Angeles,Food,35,0.1,2020-04-17,Series I,United States,478.0
Swiggy,Bengaluru,Food,380,0.06,2023-01-20,Unknown,India,3600.0
Talkwalker,Luxembourg,Marketing,,0.15,2022-08-03,Private Equity,Luxembourg,9.0
Tencent,Shenzen,Consumer,300,,2023-02-17,Post-IPO,China,12600.0
Tencent,Shenzen,Consumer,,,2022-11-15,Post-IPO,China,12600.0
Tesla,Austin,Transportation,,0.1,2022-06-03,Post-IPO,United States,20200.0
Thinkific,Vancouver,Education,100,0.2,2022-03-29,Post-IPO,Canada,22.0
Tomo,Stamford,Finance,44,0.33,2022-05-31,Series A,United States,110.0
Trybe,Sao Paulo,Education,47,0.1,2022-08-10,Series B,Brazil,40.0
Uber,Vilnius,Transportation,60,,2022-09-07,Post-IPO,Lithuania,24700.0
Una Brands,Singapore,Retail,,0.1,2022-06-28,Series A,Singapore,55.0
Verbit,New York City,Data,80,0.1,2022-07-05,Series E,United States,569.0
Veriff,Tallinn,Security,63,0.21,2020-05-04,Series A,Estonia,7.0
VideoAmp,Los Angeles,Marketing,,0.02,2022-09-19,Series F,United States,456.0
View,SF Bay Area,Energy,,,2020-04-15,Series H,United States,1800.0
Virta Health,SF Bay Area,Healthcare,65,,2020-04-07,Series C,United States,175.0
Westwing,Munich,Retail,125,,2022-09-29,Post-IPO,Germany,237.0
Workrise,Austin,Energy,450,,2022-04-05,Series E,United States,752.0
Xentral,Munich,Product,20,0.1,2022-12-10,Series B,Germany,94.0
Yelp,SF Bay Area,Consumer,63,,2020-07-13,Post-IPO,United States,56.0
Zalando,Berlin,Retail,,,2023-02-21,Post-IPO,Germany,467.0
Zendesk,SF Bay Area,Support,350,0.05,2022-11-07,Acquired,United States,85.0
Zenius,Jakarta,Education,200,,2022-05-24,Series B,Indonesia,20.0
Zuora,SF Bay Area,Finance,,0.11,2022-12-06,Post-IPO,United States,647.0
Zwift,Los Angeles,Fitness,150,,2022-05-12,Series C,United States,619.0
Zywave,Milwaukee,Finance,,,2022-12-07,Acquired,United States,
Ada Support,Toronto,Support,36,0.23,2020-04-24,Series B,Canada,60.0
AirMap,Los Angeles,Aerospace,,,2020-04-30,Unknown,United States,75.0
Airtable,SF Bay Area,Product,254,0.2,2022-12-08,Series F,United States,1400.0
Airy Rooms,Jakarta,Travel,,0.7,2020-04-22,Unknown,Indonesia,
Akulaku,Jakarta,Finance,100,,2020-04-15,Series D,Indonesia,160.0
AliExpress Russia,Moscow,Retail,400,0.4,2022-05-14,Acquired,Russia,60.0
Amazon,Seattle,Retail,8000,0.02,2023-01-04,Post-IPO,United States,108.0
Apollo,SF Bay Area,Product,,0.15,2022-12-15,Series D,United States,183.0
Aqua Security,Boston,Security,65,0.1,2022-12-05,Series E,United States,265.0
Astra,SF Bay Area,Aerospace,40,0.25,2020-04-05,Unknown,United States,100.0
B8ta,SF Bay Area,Retail,250,0.5,2020-03-26,Series C,United States,88.0
Balto,St. Louis,Sales,35,,2022-12-12,Series B,United States,51.0
BeeTech,Sao Paulo,Finance,30,,2020-04-10,Series B,Brazil,14.0
Beyond Meat,Los Angeles,Food,200,0.19,2022-10-14,Post-IPO,United States,122.0
Big Fish Games,Seattle,Media,250,,2020-09-01,Acquired,United States,95.2
BitMEX,Non-U.S.,Crypto,75,0.25,2022-04-04,Seed,Seychelles,0.0
Bitfront,SF Bay Area,Crypto,,1.0,2022-11-29,Unknown,United States,
BlackBuck,Bengaluru,Logistics,200,,2020-04-17,Series D,India,293.0
BlackLine,Los Angeles,Finance,95,0.05,2022-12-08,Private Equity,United States,220.0
Blackbaud,Charleston,Technology,500,0.14,,Post-IPO,United States,
BlueStacks,SF Bay Area,Technology,60,,2022-07-20,Series C,United States,48.0
BookClub,Salt Lake City,Education,12,0.25,2022-05-31,Series A,United States,26.0
Bungalow,SF Bay Area,Real Estate,70,,2022-06-22,Series C,United States,171.0
Bustle Digital Group,New York City,Media,19,,2020-04-03,Series E,United States,80.0
ByteDance,Shanghai,Consumer,1800,,2021-08-05,Unknown,China,9400.0
Cabin,SF Bay Area,Travel,,0.2,2020-03-23,Seed,United States,3.0
Callisto Media,SF Bay Area,Media,,0.35,2022-10-25,Series D,United States,
Captain Fresh,Bengaluru,Food,120,,2023-01-15,Series C,India,126.0
Casavo,Milan,Real Estate,,0.3,2023-02-13,Unknown,Italy,708.0
Citrix,Miami,Infrastructure,,0.15,2023-01-10,Acquired,United States,20.0
Clari,SF Bay Area,Sales,20,,2023-02-06,Series F,United States,496.0
Clari,SF Bay Area,Sales,45,,2022-08-31,Series F,United States,496.0
Clear Capital,Reno,Real Estate,378,0.27,2022-10-14,Unknown,United States,
Clue,Berlin,Healthcare,31,0.31,2023-01-18,Unknown,Germany,47.0
Clumio,SF Bay Area,Data,,,2021-03-01,Series C,United States,186.0
Cohesity,SF Bay Area,Data,,,2020-04-30,Series E,United States,660.0
CyberCube,SF Bay Area,Finance,,,2022-06-07,Series B,United States,35.0
DJI,Shenzen,Consumer,,,2020-08-17,Unknown,China,105.0
DataRobot,Boston,Data,,,2022-08-08,Series G,United States,1000.0
Decent,SF Bay Area,Healthcare,,,2023-01-27,Series A,United States,18.0
Defined.ai,Seattle,Data,,,2022-02-07,Series B,United States,78.0
Degreed,SF Bay Area,Education,,0.15,2022-06-29,Series D,United States,411.0
Dell,Austin,Hardware,6650,0.05,2023-02-06,Post-IPO,United States,
Digimarc,Portland,Technology,,,2023-02-17,Post-IPO,United States,105.0
Divergent 3D,Los Angeles,Transportation,57,0.36,2020-04-24,Series B,United States,88.0
DocuSign,SF Bay Area,Sales,680,0.1,2023-02-16,Post-IPO,United States,536.0
Drift,Boston,Marketing,59,,2023-02-06,Acquired,United States,107.0
E Inc.,Toronto,Transportation,,,2022-12-16,Post-IPO,Canada,
Eatsy,Singapore,Food,20,1.0,2020-08-08,Seed,Singapore,0.9755
Ericsson,Stockholm,Infrastructure,8500,0.08,2023-02-24,Post-IPO,Sweden,663.0
Etermax,Buenos Aires,Other,40,,2022-11-30,Unknown,Argentina,
Evernote,SF Bay Area,Consumer,129,,2023-02-17,Acquired,United States,290.0
Exterro,Portland,Legal,24,0.03,2023-02-01,Private Equity,United States,100.0
FarEye,New Delhi,Logistics,90,,2023-02-03,Series E,India,150.0
Gatherly,Atlanta,Marketing,,0.5,2022-07-31,NULL,United States,
Getir,New York City,Food,100,,2023-02-02,Series E,United States,1800.0
GoSpotCheck,Denver,Retail,23,0.2,2020-03-26,Series B,United States,47.0
Houzz,SF Bay Area,Consumer,155,0.1,2020-04-21,Series E,United States,613.0
Hydrow,Boston,Fitness,30,,2023-01-19,Series D,United States,269.0
IAM Robotics,Pittsburgh,Hardware,,,2023-01-19,Unknown,United States,21.0
Iflix,Kuala Lumpur,Consumer,50,0.12,2020-04-04,Unknown,Malaysia,348.0
Intapp,SF Bay Area,Legal,45,0.05,2020-05-18,Private Equity,United States,
Integrate.ai,Toronto,Support,26,,2020-06-09,Unknown,Canada,39.6
Intuit,SF Bay Area,Finance,715,0.07,2020-06-22,Post-IPO,United States,18.0
JD.ID,Jakarta,Retail,200,0.3,2022-12-14,Post-IPO,Indonesia,5100.0
JetClosing,Seattle,Real Estate,20,0.2,2020-04-27,Series A,United States,24.0
Jumio,SF Bay Area,Security,100,0.06,2023-01-11,Private Equity,United States,205.0
Jump,New York City,Transportation,500,1.0,2020-05-07,Acquired,United States,11.0
Kaltura,New York City,Media,,0.1,2022-08-09,Post-IPO,United States,166.0
Kandji,San Diego,Security,,0.17,2022-11-17,Series C,United States,188.0
KoinWorks,Jakarta,Finance,70,0.08,2022-11-04,Unknown,Indonesia,180.0
Kuda,Lagos,Finance,23,0.05,2022-09-02,Series B,Nigeria,91.0
LEAD,Mumbai,Education,60,,2023-01-10,Series E,India,190.0
Latch,New York City,Security,60,,2020-04-02,Series B,United States,152.0
Lighter Capital,Seattle,Finance,18,0.22,2020-04-24,Series B,United States,15.0
Loftsmart,New York City,Real Estate,25,0.75,2020-03-30,Series A,United States,18.0
Magnite,Los Angeles,Marketing,,0.06,2023-01-19,Post-IPO,United States,400.0
MaxMilhas,Belo Horizonte,Travel,167,0.42,2020-04-03,Unknown,Brazil,
Mejuri,Toronto,Retail,50,0.1,2022-08-05,Series B,Canada,28.0
MindBody,San Luis Obispo,Fitness,700,0.35,2020-04-02,Post-IPO,United States,114.0
Minted,SF Bay Area,Retail,147,0.37,2020-04-03,Series E,United States,297.0
Miro,SF Bay Area,Other,119,0.07,2023-02-02,Series C,United States,476.0
Movidesk,Blumenau,Support,33,0.25,2020-04-20,Seed,Brazil,1.0
Notarize,Boston,Legal,110,0.25,2022-06-15,Series D,United States,213.0
Observe.AI,SF Bay Area,Support,,,2023-02-15,Series C,United States,214.0
Okta,SF Bay Area,Security,300,0.05,2023-02-02,Post-IPO,United States,1200.0
Ola,Bengaluru,Transportation,200,,2023-01-13,Series J,India,5000.0
Outside,Boulder,Media,87,0.15,2022-05-20,Series B,United States,174.0
Panda Squad,SF Bay Area,Consumer,6,0.75,2020-03-13,Seed,United States,1.0
PayFit,Paris,HR,200,0.2,2023-03-01,Series E,France,495.0
Peerfit,Tampa Bay,HR,,0.4,2020-03-24,Unknown,United States,47.0
Peerspace,SF Bay Area,Real Estate,41,0.75,2020-03-26,Series B,United States,34.0
Perimeter 81,Tel Aviv,Security,20,0.08,2022-12-06,Series C,Israel,165.0
PickYourTrail,Chennai,Travel,70,0.35,2020-05-21,Series A,India,3.0
PicoBrew,Seattle,Food,,1.0,2020-04-30,Series A,United States,15.0
Planetly,Berlin,Other,200,1.0,2022-11-04,Acquired,Germany,5.0
Plato,SF Bay Area,HR,29,0.5,2022-08-23,Seed,United States,3.0
Polly,Burlington,Finance,47,0.15,2022-12-02,Series C,United States,184.0
Prosus,Amsterdam,Other,,0.3,2023-01-25,Unknown,Netherlands,
Quanergy Systems,SF Bay Area,Transportation,72,,2022-12-14,Post-IPO,United States,175.0
Restaurant365,Los Angeles,Food,175,,2020-03-27,Series C,United States,127.0
RingCentral,SF Bay Area,Infrastructure,30,,2023-01-17,Post-IPO,United States,44.0
Rubrik,SF Bay Area,Infrastructure,57,,2020-05-18,Series E,United States,553.0
Sauce Labs,SF Bay Area,Infrastructure,30,0.15,2020-04-02,Unknown,United States,151.0
ScaleFocus,Sofia,Infrastructure,120,0.1,2020-06-11,Unknown,Bulgaria,
Sea,Bengaluru,Retail,350,,2022-03-30,Post-IPO,India,8600.0
ShareChat,Bengaluru,Consumer,500,0.2,2023-01-16,Series H,India,1700.0
Side,SF Bay Area,Real Estate,,,2022-10-19,Unknown,United States,313.0
Skit.ai,Bengaluru,Support,115,,2023-01-12,Series B,India,28.0
Smava,Berlin,Finance,100,0.15,2022-11-02,Unknown,Germany,188.0
Snyk,Boston,Security,198,0.14,2022-10-24,Series F,United States,849.0
Sourcegraph,SF Bay Area,Product,24,0.08,2022-06-21,Series D,United States,248.0
Springlane,Dusseldorf,Food,,0.35,2022-10-28,Series C,Germany,11.0
Stoqo,Jakarta,Food,250,1.0,2020-04-25,Series A,Indonesia,
StudySmarter,Berlin,Education,70,,2022-11-30,Series A,Germany,64.0
SundaySky,New York City,Marketing,24,0.13,2022-07-11,Series D,United States,74.0
Synopsys,SF Bay Area,Hardware,100,,2023-01-27,Post-IPO,United States,
TCR2,Boston,Healthcare,30,0.2,2022-08-31,Post-IPO,United States,173.0
TCR2,Boston,Healthcare,,0.4,2023-01-05,Post-IPO,United States,173.0
Thread,London,Retail,30,0.5,2022-11-30,Acquired,United Kingdom,40.0
Truckstop.com,Boise,Logistics,,,2023-03-02,Acquired,United States,
TrueLayer,London,Finance,40,0.1,2022-09-16,Series E,United States,271.0
Uber Freight,SF Bay Area,Logistics,150,0.03,2023-01-23,Subsidiary,United States,2700.0
Unacademy,Bengaluru,Education,350,0.1,2022-11-07,Series H,India,838.0
UpScalio,Gurugram,Retail,25,0.15,2023-01-05,Series B,India,62.0
Vedantu,Bengaluru,Education,424,0.07,2022-05-18,Series E,India,292.0
Vimeo,New York City,Consumer,,0.06,2022-07-18,Post-IPO,United States,450.0
Volta,SF Bay Area,Transportation,,0.1,2022-09-28,Post-IPO,United States,575.0
Volta,SF Bay Area,Transportation,,0.54,2022-10-21,Post-IPO,United States,575.0
Wahoo Fitness,Atlanta,Fitness,50,,2022-04-27,Unknown,United States,
Waze,SF Bay Area,Transportation,30,0.054,2020-09-09,Acquired,United States,67.0
Weedmaps,Los Angeles,Other,,0.1,2022-08-04,Acquired,United States,
Wix,Tel Aviv,Marketing,100,,2022-08-09,Post-IPO,Israel,58.0
Wonolo,SF Bay Area,Recruiting,46,0.13,2020-04-01,Series C,United States,52.0
Xiaohongshu,Shanghai,Consumer,180,0.09,2022-04-21,Series E,China,917.0
Ziroom,Beijing,Real Estate,,0.2,2022-06-10,Unknown,China,2100.0
Zomato,Gurugram,Food,520,0.13,2020-05-15,Series J,India,914.0
Zomato,Jakarta,Food,,,2020-10-20,Series J,Indonesia,914.0
Zoom,SF Bay Area,Other,1300,0.15,2023-02-07,Post-IPO,United States,276.0
eToro,Tel Aviv,Finance,100,0.06,2022-07-05,Unknown,Israel,322.0
Alice,Sao Paulo,Healthcare,113,0.16,2022-12-09,Series C,Brazil,174.0
Amount,Chicago,Finance,130,0.25,2023-02-27,Unknown,United States,283.0
Amperity,Seattle,Marketing,13,0.03,2022-08-20,Series D,United States,187.0
Aqgromalin,Chennai,Food,80,0.3,2022-06-20,Unknown,India,12.0
Atlas Obscura,New York City,Media,15,,2020-06-18,Series B,United States,32.0
Aya,Toronto,Finance,5,0.25,2020-11-19,Seed,United States,3.0
Balto,St. Louis,Sales,30,,2022-06-22,Series B,United States,51.0
Bamboo Health,Louisville,Healthcare,52,,2022-07-01,Unknown,United States,
Better.com,New York City,Real Estate,,,2022-04-19,Unknown,United States,905.0
BitGo,SF Bay Area,Crypto,,0.12,2020-04-17,Series B,United States,69.0
Bitrise,Budapest,Infrastructure,,0.14,2022-09-14,Series C,Hungary,83.0
Bizongo,Mumbai,Logistics,140,,2020-07-10,Series C,India,70.0
Black Shark,Shenzen,Hardware,900,,2023-01-13,Unknown,China,
Blend,SF Bay Area,Finance,200,0.1,2022-04-19,Post-IPO,United States,665.0
Blend,SF Bay Area,Finance,220,0.12,2022-08-15,Post-IPO,United States,665.0
Bounce,Bengaluru,Transportation,200,0.4,2021-02-22,Series D,India,214.2
Breathe,New Delhi,Healthcare,50,0.33,2022-06-14,Series A,India,6.0
Brex,SF Bay Area,Finance,136,0.11,2022-10-11,Series D,United States,1500.0
Bright Machines,SF Bay Area,Data,30,0.08,2022-06-28,Unknown,Israel,250.0
Buenbit,Buenos Aires,Crypto,80,0.45,2022-05-23,Series A,Argentina,11.0
Built In,Chicago,Recruiting,28,,2020-04-10,Series C,United States,29.0
Buser,Sao Paulo,Transportation,160,0.3,2022-12-08,Series C,Brazil,138.0
Carsome,Kuala Lumpur,Transportation,,0.1,2022-09-30,Series E,Malaysia,607.0
Castlight Health,SF Bay Area,Healthcare,,0.13,2020-05-04,Post-IPO,United States,184.0
Chope,Singapore,Food,65,0.24,2022-12-20,Series E,Singapore,50.0
Circ,Berlin,Transportation,100,,2020-06-02,Acquired,Germany,55.0
Clever Real Estate,St. Louis,Real Estate,,,2020-03-25,Series A,United States,5.0
ClickUp,San Diego,Technology,60,0.07,2022-05-23,Series C,United States,537.0
Coinbase,SF Bay Area,Crypto,950,0.2,2023-01-10,Post-IPO,United States,549.0
Coterie Insurance,Cincinnati,Finance,30,0.2,2022-05-25,Series B,United States,70.0
Coursera,SF Bay Area,Education,,,2022-11-09,Post-IPO,United States,458.0
Culture Amp,Melbourne,HR,36,0.08,2020-05-28,Series E,Australia,157.0
Curology,SF Bay Area,Healthcare,150,,2022-03-16,Series D,United States,19.0
Dark,SF Bay Area,Product,6,1.0,2020-06-23,Seed,United States,3.0
DataRobot,Boston,Data,,0.26,2022-08-23,Series G,United States,1000.0
Definitive Healthcare,Boston,Healthcare,55,0.06,2023-01-12,Post-IPO,United States,
Domino Data Lab,SF Bay Area,Data,,0.25,2022-11-07,Series F,United States,223.0
Earnin,SF Bay Area,Finance,50,0.2,2020-04-01,Series C,United States,190.0
Ebanx,Curitiba,Finance,340,0.2,2022-06-21,Series B,Brazil,460.0
Edifecs,Seattle,Healthcare,30,,2023-01-20,Unknown,United States,1.0
Eventbrite,SF Bay Area,Consumer,80,0.08,2023-02-28,Post-IPO,United States,557.0
Flatiron School,New York City,Education,100,,2020-05-06,Acquired,United States,15.0
Forto,Berlin,Logistics,60,0.08,2022-11-11,Series D,United States,593.0
FourKites,Chicago,Logistics,60,0.08,2022-08-11,Series D,United States,201.0
Glossier,New York City,Consumer,80,0.33,2022-01-26,Series E,United States,266.0
Glovo,Barcelona,Food,250,0.06,2023-01-30,Acquired,Spain,1200.0
GoCardless,London,Finance,,,2020-04-24,Series E,United Kingdom,122.0
GoMechanic,Gurugram,Transportation,,0.7,2023-01-17,Series C,India,54.0
GoNuts,Mumbai,Media,,1.0,2022-10-27,Seed,India,
Gojek,Jakarta,Transportation,430,0.09,2020-06-23,Series F,Indonesia,4800.0
GrayMeta,Los Angeles,Data,20,0.4,2020-03-23,Unknown,United States,7.0
Heroes,London,Retail,24,0.2,2022-07-15,Unknown,United States,265.0
Hubilo,SF Bay Area,Marketing,45,0.12,2022-07-12,Series B,United States,153.0
Icon,Austin,Construction,,,2023-01-24,Series B,United States,451.0
Innovaccer,SF Bay Area,Healthcare,90,0.08,2022-09-01,Series E,United States,379.0
Instructure,Salt Lake City,Education,150,0.12,2020-05-27,Acquired,United States,89.0
Intel,SF Bay Area,Hardware,343,,2023-01-30,Post-IPO,United States,12.0
Intercom,SF Bay Area,Support,124,0.13,2022-11-14,Series D,United States,240.0
Introhive,Ferdericton,Sales,57,0.16,2022-07-20,Series C,Canada,125.0
Involves,Florianópolis,Retail,70,0.18,2022-07-13,Unknown,Brazil,23.0
Iris Nova,New York City,Food,9,0.5,2020-03-30,Seed,United States,15.0
Jam City,Los Angeles,Consumer,200,0.17,2022-08-04,Unknown,United States,652.0
Kaltura,New York City,Media,75,0.11,2023-01-04,Post-IPO,United States,166.0
Khoros,Austin,Sales,120,0.1,2022-10-21,Private Equity,United States,138.0
Kitty Hawk,SF Bay Area,Aerospace,70,,2020-06-03,Unknown,United States,1.0
KiwiCo,SF Bay Area,Retail,40,,2022-06-07,Unknown,United States,11.0
Koho,Toronto,Finance,,0.14,2023-02-08,Series D,Canada,278.0
Komodo Health,SF Bay Area,Healthcare,23,0.09,2020-04-20,Series C,United States,50.0
Kueski,Guadalajara,Finance,90,0.3,2020-04-20,Series B,Mexico,38.0
Lambda School,SF Bay Area,Education,19,,2020-04-21,Series B,United States,48.0
Legible,Vancouver,Media,23,0.38,2022-04-04,Post-IPO,Canada,3.0
Loftium,Seattle,Real Estate,32,0.6,2020-05-29,Series A,United States,17.0
Lyft,SF Bay Area,Transportation,60,0.02,2022-07-20,Post-IPO,United States,4900.0
Lyft,SF Bay Area,Transportation,700,0.13,2022-11-03,Post-IPO,United States,4900.0
Lyric,SF Bay Area,Real Estate,100,,2020-03-25,Series B,United States,179.1
MasterClass,SF Bay Area,Education,79,,2023-03-02,Series E,United States,461.0
Matrixport,Singapore,Crypto,29,0.1,2023-01-27,Series C,Singapore,100.0
Me Poupe,Sao Paulo,Finance,60,0.5,2023-01-28,Unknown,Brazil,
MediaMath,New York City,Marketing,53,0.08,2020-04-07,Private Equity,United States,607.0
Medium,SF Bay Area,Media,,0.25,2022-09-06,Unknown,United States,163.0
Medium,SF Bay Area,Media,,,2021-03-24,Series C,United States,132.0
Meero,Paris,Other,350,0.5,2022-05-09,Series C,France,293.0
Menulog,Sydney,Food,,,2022-11-24,Acquired,Australia,
Microsoft,Seattle,Technology,10000,0.05,2023-01-18,Post-IPO,United States,1.0
Microsoft,Seattle,Technology,,,2022-07-12,Post-IPO,United States,1.0
Mindgeek,Luxembourg,Media,,,2022-06-22,Unknown,Luxembourg,
Moglix,Singapore,Retail,40,0.02,2023-01-05,Series F,Singapore,472.0
Motional,Boston,Transportation,,,2022-11-30,Unknown,United States,
Motive,SF Bay Area,Transportation,237,0.06,2022-12-07,Series F,United States,567.0
NSO,Tel Aviv,Security,100,0.14,2022-08-21,Seed,Israel,1.0
NYDIG,New York City,Crypto,110,0.33,2022-09-22,Private Equity,United States,1400.0
Nate,New York City,Retail,30,0.2,2022-06-30,Series A,United States,47.0
NetApp,SF Bay Area,Data,960,0.08,2023-01-31,Post-IPO,United States,
Next Insurance,SF Bay Area,Finance,150,0.17,2022-07-07,Series E,United States,881.0
Nomad Health,New York City,Healthcare,119,0.17,2023-02-09,Unknown,United States,218.0
OYO,Sao Paulo,Travel,500,,2020-04-25,Series F,Brazil,2400.0
Olist,Curitiba,Retail,,,2022-05-23,Series E,Brazil,322.0
Olive AI,Columbus,Healthcare,215,0.35,2023-02-09,Series H,United States,856.0
Orbit,SF Bay Area,Other,,,2022-08-12,Series A,United States,20.0
Ouster,SF Bay Area,Transportation,,0.1,2022-09-20,Post-IPO,United States,282.0
PagSeguro,Sao Paulo,Finance,,0.07,2023-01-25,Post-IPO,Brazil,
Patreon,SF Bay Area,Media,36,,2021-04-26,Series D,United States,165.0
PharmEasy,Mumbai,Healthcare,40,,2022-06-16,Unknown,India,1600.0
Pivot3,Austin,Infrastructure,,,2020-03-27,Series H,United States,273.0
Playdots,New York City,Consumer,65,1.0,2022-10-13,Acquired,United States,10.0
Polygon,Bengaluru,Crypto,100,0.2,2023-02-21,Unknown,India,451.0
Quora,SF Bay Area,Consumer,,,2023-01-26,Series D,United States,226.0
Qwick,Phoenix,Recruiting,,0.7,2020-04-27,Seed,United States,4.0
REE Automotive,Tel Aviv,Transportation,31,0.11,2023-02-09,Post-IPO,Israel,317.0
Raken,San Diego,Construction,60,,2020-03-27,Series A,United States,12.0
Realtor.com,SF Bay Area,Real Estate,,,2022-09-08,Acquired,United States,
Redfin,Seattle,Real Estate,470,0.08,2022-06-14,Post-IPO,United States,319.0
Replicated,Los Angeles,Infrastructure,50,,2022-05-31,Series C,United States,85.0
Ribbon,New York City,Real Estate,170,0.85,2022-11-14,Series C,United States,405.0
Rivian,Detroit,Transportation,40,0.02,2020-06-02,Private Equity,United States,3100.0
Rubica,Seattle,Security,,1.0,2020-11-05,Series A,United States,14.0
Shopee,Jakarta,Food,,,2022-09-18,Unknown,Indonesia,
Simple,Portland,Finance,,1.0,2021-01-07,Acquired,United States,15.0
Skedulo,SF Bay Area,HR,31,0.08,2022-08-23,Series C,United States,114.0
Skillshare,New York City,Education,31,,2022-06-01,Unknown,United States,136.0
Skillz,SF Bay Area,Consumer,21,,2020-04-14,Series D,United States,132.0
SkySlope,Sacramento,Real Estate,50,0.25,2020-03-31,Acquired,United States,
Software AG,Frankfurt,Data,200,0.04,2023-01-31,Post-IPO,Germany,344.0
Stint,London,HR,28,0.2,2022-07-19,Unknown,United Kingdom,
Subspace,Los Angeles,Infrastructure,,,2021-03-03,Series B,United States,
Sweetgreen,Los Angeles,Food,,,2022-08-09,Post-IPO,United States,478.0
TaxBit,Salt Lake City,Crypto,,,2022-12-13,Series B,United States,235.0
The Athletic,SF Bay Area,Media,46,0.08,2020-06-05,Series D,United States,139.0
ThoughtSpot,SF Bay Area,Data,,,2020-05-06,Series E,United States,743.0
Tidepool,SF Bay Area,Healthcare,18,0.4,2020-11-17,Unknown,United States,
TikTok,Los Angeles,Consumer,,,2022-07-18,Acquired,United States,
TravelBank,SF Bay Area,Travel,20,,2020-03-24,Series B,United States,35.0
Trax,Singapore,Retail,100,0.12,2022-06-20,Series E,Singapore,1000.0
TripAdvisor,Boston,Travel,900,0.25,2020-04-28,Post-IPO,United States,3.0
TripleLift,New York City,Marketing,100,0.2,2023-02-10,Acquired,United States,16.0
Trove Recommerce,SF Bay Area,Retail,13,,2020-04-15,Series C,United States,34.0
Truepill,SF Bay Area,Healthcare,175,0.33,2022-08-11,Series D,United States,255.0
Truepill,SF Bay Area,Healthcare,,,2022-04-14,Series D,United States,255.0
Trustly,Stockholm,Finance,120,,2022-02-17,Acquired,Sweden,28.0
Twiga,Nairobi,Food,211,0.21,2022-11-16,Series C,Kenya,157.0
Typeform,Barcelona,Marketing,,,2022-11-15,Series C,Spain,187.0
UiPath,New York City,Data,210,0.05,2022-06-27,Post-IPO,United States,2000.0
Ula,Jakarta,Retail,134,0.23,2022-11-30,Series B,Indonesia,140.0
Unacademy,Bengaluru,Education,1000,0.17,2022-04-07,Series H,India,838.0
Unchained Capital,Austin,Crypto,,0.15,2022-11-18,Series A,United States,33.0
UserTesting,SF Bay Area,Marketing,63,,2023-03-03,Acquired,United States,152.0
Vedanta Biosciences,Boston,Healthcare,,0.2,2022-08-10,Series D,United States,301.0
Viant,Los Angeles,Marketing,46,0.13,2022-12-13,Post-IPO,United States,
Vicarious Surgical,Boston,Healthcare,,0.14,2023-02-15,Post-IPO,United States,185.0
Welkin Health,SF Bay Area,Healthcare,10,0.33,2020-04-24,Series B,United States,29.0
WhiteHat Jr,Mumbai,Education,300,,2022-06-28,Acquired,India,11.0
Willow,Sydney,Real Estate,99,0.22,2022-12-23,Unknown,Australia,
Woven,Indianapolis,HR,5,0.15,2022-08-16,Series A,United States,11.0
XP,Sao Paulo,Finance,,,2023-01-17,Post-IPO,Brazil,
Zeus Living,SF Bay Area,Real Estate,64,0.46,2022-10-20,Series C,United States,151.0
Zhihu,Beijing,Consumer,,0.1,2022-12-20,Series F,China,892.0
Zinier,SF Bay Area,HR,,,2020-11-25,Series C,United States,120.0
Zoox,SF Bay Area,Transportation,120,,2020-04-03,Series B,United States,955.0
Zwift,Los Angeles,Fitness,,,2020-03-23,Series B,United States,164.0
Accolade,Seattle,Healthcare,,,2023-03-03,Post-IPO,United States,458.0
Acko,Mumbai,Finance,45,0.09,2020-04-01,Unknown,India,143.0
Alto Pharmacy,SF Bay Area,Healthcare,47,0.06,2020-09-29,Series D,United States,356.0
Andela,New York City,Recruiting,135,0.1,2020-05-05,Series D,United States,181.0
Atsu,Seattle,Infrastructure,6,1.0,2020-04-10,Unknown,United States,1.0
AvantStay,Los Angeles,Travel,80,,2022-06-29,Unknown,United States,811.0
Bark,New York City,Retail,126,0.12,2023-02-09,Post-IPO,United States,
Bikayi,Bengaluru,Retail,,,2022-07-28,Series A,India,12.0
Blockchain.com,London,Crypto,150,0.25,2022-07-21,Series D,United Kingdom,490.0
Bringg,Tel Aviv,Logistics,10,0.1,2020-04-21,Series D,Israel,84.0
Bybit,Singapore,Crypto,600,0.3,2022-06-20,Unknown,Singapore,
Capital One,Washington D.C.,Finance,1100,,2023-01-19,Post-IPO,United States,
Cerebral,SF Bay Area,Healthcare,,,2022-05-31,Series C,United States,462.0
Chainalysis,New York City,Crypto,44,0.05,2023-02-01,Series F,United States,536.0
Chef,Seattle,Infrastructure,,,2020-10-08,Acquired,United States,105.0
CleverTap,Mumbai,Marketing,60,0.2,2020-04-16,Series C,India,76.0
Clinc,Ann Arbor,Support,40,0.32,2020-04-09,Series B,United States,59.0
Clutter,Los Angeles,Consumer,,0.3,2020-03-25,Series D,United States,296.0
Code42,Minneapolis,Security,,0.15,2022-11-07,Unknown,United States,137.0
Coinbase,SF Bay Area,Crypto,60,,2022-11-10,Post-IPO,United States,549.0
Collibra,Brussels,Data,,,2022-10-19,Series G,Belgium,596.0
CommerceHub,Albany,Retail,371,0.31,2023-02-14,Acquired,United States,
Compete,Tel Aviv,HR,11,0.28,2022-09-12,Series A,Israel,17.0
Crypto.com,Singapore,Crypto,,0.2,2023-01-12,Unknown,United States,
Cue,San Diego,Healthcare,388,,2023-01-05,Post-IPO,United States,999.0
Culture Trip,London,Media,95,0.32,2020-05-01,Series B,United Kingdom,102.0
Daraz,Singapore,Retail,,0.11,2023-02-06,Unknown,Singapore,
Datera,SF Bay Area,Infrastructure,,0.1,2020-05-18,Series C,United States,63.0
Deliveroo,London,Food,367,0.15,2020-04-28,Series G,United Kingdom,1500.0
Delivery Hero,Berlin,Food,100,,2022-11-03,Post-IPO,Germany,8300.0
Demandbase,SF Bay Area,Sales,27,0.03,2022-09-07,Series H,United States,143.0
DialSource,Sacramento,Marketing,5,0.14,2020-03-31,Series B,United States,26.0
Ebanx,Curitiba,Finance,62,0.08,2020-05-27,Unknown,Brazil,30.0
Embark,Boston,Healthcare,41,,2023-01-11,Series B,United States,94.0
EquityZen,New York City,Finance,30,0.27,2022-10-31,Series B,United States,11.0
ExtraHop,Seattle,Security,,,2020-04-22,Series C,United States,61.0
Fabric,New York City,Logistics,120,0.4,2022-07-13,Series C,United States,336.0
FireHydrant,New York City,Infrastructure,,,2022-12-08,Series B,United States,32.0
Flowhub,Denver,Retail,,0.15,2022-09-09,Unknown,United States,45.0
Food52,New York City,Food,,,2020-04-17,Acquired,United States,96.0
Forma.ai,Toronto,Sales,15,0.09,2022-07-20,Series B,Canada,58.0
Forward,SF Bay Area,Healthcare,,0.05,2022-07-11,Series D,United States,225.0
FreshDirect,Philadelphia,Food,40,,2022-08-25,Acquired,United States,280.0
GoodGood,Toronto,Retail,,1.0,2022-11-23,Seed,Canada,6.0
Groupon,Chicago,Retail,500,,2023-01-30,Post-IPO,United States,1400.0
Guidewire,SF Bay Area,Finance,,0.02,2022-08-11,Post-IPO,United States,24.0
Homebot,Denver,Real Estate,18,0.13,2022-12-19,Acquired,United States,4.0
Huawei,Shenzen,Hardware,,,2022-10-16,Unknown,China,
Hubba,Toronto,Retail,45,1.0,2021-02-01,Series B,Canada,61.0
Jellyfish,Boston,Product,,0.09,2023-01-13,Series C,United States,114.0
Jobcase,Boston,Recruiting,39,0.2,2020-04-02,Private Equity,United States,118.0
Kayak / OpenTable,Stamford,Travel,160,0.08,2020-04-29,Acquired,United States,229.0
Kazoo,Austin,HR,,0.35,2020-03-31,Series A,United States,8.0
Kenoby,Sao Paulo,Recruiting,18,0.16,2020-04-08,Unknown,Brazil,23.0
Kitopi,Dubai,Food,93,0.1,2022-11-21,Series C,United States,804.0
Komodo Health,SF Bay Area,Healthcare,78,0.09,2022-12-13,Series E,United States,514.0
Lendis,Berlin,Other,,0.5,2022-12-21,Series A,Germany,90.0
Lido Learning,Mumbai,Education,,1.0,2022-09-09,Series C,India,20.0
Liftoff,SF Bay Area,Marketing,130,0.15,2022-11-09,Acquired,United States,6.0
Lightico,Tel Aviv,Finance,20,0.25,2023-02-05,Series B,Israel,42.0
Limelight,New York City,Recruiting,13,1.0,2021-02-04,Unknown,United States,
Lithic,New York City,Finance,27,0.18,2022-12-07,Series C,United States,115.0
MFine,Bengaluru,Healthcare,600,0.75,2022-05-21,Series C,India,97.0
Mark43,New York City,Other,,,2022-06-23,Series E,United States,229.0
Match Group,New York City,Consumer,,0.08,2023-02-01,Post-IPO,United States,
Misfits Market,Philadelphia,Food,649,0.33,2023-02-09,Series C,United States,526.0
Moladin,Jakarta,Transportation,360,0.11,2023-02-12,Series B,Indonesia,138.0
NCX,SF Bay Area,Energy,,0.4,2022-11-28,Series B,United States,78.0
Netflix,SF Bay Area,Media,300,0.03,2022-06-23,Post-IPO,United States,
Ninjacart,Bengaluru,Food,200,,2021-02-23,Unknown,India,194.0
Nuri,Berlin,Crypto,,1.0,2022-10-17,Series B,Germany,42.0
Nyriad,Austin,Infrastructure,,0.33,2022-10-10,Unknown,United States,58.0
OfferUp,Seattle,Retail,,0.19,2022-11-15,Unknown,United States,381.0
Oh My Green,SF Bay Area,Food,40,,2020-03-27,Seed,United States,20.0
Oriente,Hong Kong,Finance,400,0.2,2020-05-04,Series B,Hong Kong,175.0
Oye Rickshaw,New Delhi,Transportation,40,0.2,2022-06-29,Unknown,India,13.0
Pagaya,New York City,Finance,140,0.2,2023-01-18,Post-IPO,United States,571.0
Pear Therapeutics,Boston,Healthcare,25,0.09,2022-07-25,Post-IPO,United States,409.0
Pear Therapeutics,Boston,Healthcare,59,0.22,2022-11-16,Post-IPO,United States,409.0
Personalis,SF Bay Area,Healthcare,,0.3,2023-01-19,Post-IPO,United States,225.0
PharmEasy,Mumbai,Healthcare,,,2022-12-10,Unknown,India,1600.0
Plaid,SF Bay Area,Finance,260,0.2,2022-12-07,Series D,United States,734.0
Practically,Hyderabad,Education,,,2022-11-06,Unknown,India,14.0
Proterra,SF Bay Area,Transportation,300,,2023-01-19,Post-IPO,United States,1200.0
Quantum SI,New Haven,Healthcare,,0.12,2023-01-30,Post-IPO,United States,425.0
Quartz,New York City,Media,80,0.4,2020-05-14,Acquired,United States,
Rangle,Toronto,Product,78,0.3,2020-03-25,Unknown,Canada,
Recur Forever,Miami,Crypto,235,,2022-12-07,Series A,United States,55.0
Religion of Sports,Los Angeles,Media,,,2023-02-15,Series B,United States,63.0
RingCentral,SF Bay Area,Support,50,,2022-08-04,Post-IPO,United States,44.0
Ruggable,Los Angeles,Retail,100,,2023-01-27,Seed,United States,
Sandbox VR,SF Bay Area,Consumer,80,0.8,2020-05-01,Series A,United States,82.0
Scoop,SF Bay Area,Transportation,92,0.33,2020-04-08,Series C,United States,95.0
Sendoso,SF Bay Area,Marketing,,0.14,2022-06-06,Series C,United States,152.0
Sigfox,Toulouse,Other,64,,2022-04-25,Acquired,France,277.0
Skai,Tel Aviv,Marketing,30,0.04,2022-07-27,Series E,Israel,60.0
Skyscanner,Edinburgh,Travel,300,0.2,2020-07-14,Acquired,United Kingdom,197.2
Solarisbank,Berlin,Finance,,0.1,2022-09-29,Unknown,Germany,385.0
Sophos,Oxford,Security,450,0.1,2023-01-18,Acquired,United States,125.0
Splyt,London,Transportation,57,,2022-11-18,Series B,United Kingdom,34.0
Spotify,Stockholm,Media,,,2022-11-09,Post-IPO,Sweden,2100.0
StockX,Detroit,Retail,80,,2022-06-28,Series E,United States,690.0
Stord,Atlanta,Logistics,59,0.08,2022-06-02,Series D,United States,325.0
StubHub,SF Bay Area,Consumer,,,2022-08-04,Acquired,United States,59.0
StyleSeat,SF Bay Area,Consumer,,0.17,2022-07-15,Series C,United States,40.0
Teamwork,Cork,Technology,21,,2020-05-22,Unknown,Ireland,
The Mom Project,Chicago,HR,54,0.15,2022-07-14,Series C,United States,115.0
TheWrap,Los Angeles,Media,,,2020-09-29,Series B,United States,3.5
ThirdLove,SF Bay Area,Retail,65,0.3,2020-04-02,Series B,United States,68.0
Tomorrow,Hamburg,Finance,30,0.25,2022-12-16,Unknown,Germany,29.0
Top Hat,Toronto,Education,16,0.03,2020-05-12,Series D,Canada,104.0
Transmit Security,Boston,Security,27,0.07,2022-07-05,Series A,United States,583.0
Truepill,SF Bay Area,Healthcare,150,0.15,2022-06-08,Series D,United States,255.0
Tul,Bogota,Construction,100,,2023-01-17,Series B,Colombia,218.0
Twitter,SF Bay Area,Consumer,,,2022-07-07,Post-IPO,United States,5700.0
Udaan,Bengaluru,Retail,180,0.04,2022-06-27,Unknown,India,1500.0
Upstart,SF Bay Area,Finance,140,0.07,2022-11-01,Post-IPO,United States,144.0
WanderJaunt,SF Bay Area,Travel,56,0.23,2020-03-25,Series B,United States,26.0
WeWork,London,Real Estate,200,,2020-06-19,Series H,United Kingdom,19500.0
WorkRamp,SF Bay Area,HR,35,0.2,2022-09-15,Series C,United States,67.0
Workfront,Salt Lake City,Marketing,,,2020-05-14,Series C,United States,375.0
Yellow.ai,SF Bay Area,Support,200,,2023-03-01,Series C,United States,102.0
Yojak,Gurugram,Construction,140,0.5,2022-06-02,Seed,India,3.0
Zappos,Las Vegas,Retail,,0.04,2022-09-20,Acquired,United States,62.0
Zenoti,Seattle,Fitness,17,0.04,2020-03-31,Series C,United States,91.0
Zume,SF Bay Area,Food,200,0.67,2020-04-15,Unknown,United States,423.0
Zymergen,SF Bay Area,Other,120,,2021-09-23,Post-IPO,United States,974.0
Zymergen,SF Bay Area,Other,80,,2022-07-25,Acquired,United States,974.0
kununu,Boston,Recruiting,,,2020-08-26,Acquired,United States,
2U,Washington D.C.,Education,,0.2,2022-07-28,Post-IPO,United States,426.0
Absci,Vancouver,Healthcare,40,,2022-08-09,Post-IPO,United States,237.0
Ada Health,Berlin,Healthcare,50,,2022-10-17,Series B,Germany,189.0
Affirm,SF Bay Area,Finance,,0.01,2022-11-03,Post-IPO,United States,1500.0
Aiven,Helsinki,Infrastructure,,0.2,2023-01-18,Series D,Finland,420.0
Akerna,Denver,Logistics,,,2020-09-02,Post-IPO,United States,
Arrival,London,Transportation,800,0.5,2023-01-30,Post-IPO,United Kingdom,629.0
Assure,Salt Lake City,Finance,,1.0,2022-11-23,Seed,United States,2.0
Aura,Boston,Security,70,0.09,2022-06-23,Series F,United States,500.0
Aware,Columbus,Security,,,2023-01-06,Series C,United States,88.0
Better.com,New York City,Real Estate,,,2022-08-26,Unknown,United States,905.0
Betterment,New York City,Finance,28,,2023-02-15,Series F,United States,435.0
BioMarin,SF Bay Area,Healthcare,120,0.04,2022-10-07,Post-IPO,United States,585.0
Bolt,SF Bay Area,Finance,240,0.27,2022-05-25,Series E,United States,1300.0
Bonterra,Austin,Technology,140,0.1,2023-01-13,Unknown,United States,
Boozt,Malmo,Retail,70,0.05,2022-06-09,Post-IPO,Sweden,56.0
Branch,New York City,Retail,3,0.27,2020-06-11,Seed,United States,2.0
Briza,Toronto,Finance,26,0.4,2022-12-20,Series A,Canada,10.0
Bryter,Berlin,Product,100,0.3,2022-07-13,Series B,Germany,89.0
ByteDance,Mumbai,Consumer,1800,,2021-01-27,Unknown,India,7400.0
Caliva,SF Bay Area,Retail,20,,2020-03-30,Series A,United States,75.0
Capillary,Bengaluru,Retail,,,2020-04-02,Private Equity,India,102.0
Capiter,Cairo,Finance,,,2022-09-09,Series A,Egypt,33.0
Capitolis,New York City,Finance,37,0.25,2022-11-17,Series D,United States,281.0
Carbon Health,SF Bay Area,Healthcare,200,,2023-01-06,Series D,United States,522.0
Catalant,Boston,Technology,30,,2020-03-30,Series E,United States,110.0
Chessable,London,Consumer,29,,2022-07-04,Acquired,United Kingdom,0.0
ChowNow,Los Angeles,Food,100,0.2,2022-07-13,Series C,United States,64.0
Circulo Health,Columbus,Healthcare,,0.5,2022-06-16,Series A,United States,50.0
Clearco,Dublin,Finance,,,2022-06-06,Series C,Ireland,681.0
Cloudinary,SF Bay Area,Media,40,0.08,2022-11-14,Unknown,United States,100.0
Clutch,Toronto,Transportation,76,0.22,2022-06-29,Series B,Canada,153.0
CoinTracker,SF Bay Area,Crypto,19,,2023-01-28,Series A,United States,101.0
Coinsquare,Toronto,Crypto,30,0.24,2022-07-27,Unknown,Canada,98.0
ConsenSys,New York City,Crypto,100,0.11,2023-01-10,Series D,United States,726.0
Convene,New York City,Real Estate,150,0.18,2020-03-23,Series D,United States,280.0
Convoy,Atlanta,Logistics,,,2023-02-16,Series E,United States,1100.0
Convoy,Seattle,Logistics,90,0.07,2022-06-09,Series E,United States,1100.0
Cue,San Diego,Healthcare,170,,2022-06-27,Post-IPO,United States,999.0
DeHaat,Gurugram,Food,,,2022-08-01,Series D,India,194.0
DealShare,Bengaluru,Retail,100,0.06,2023-01-27,Series E,India,390.0
Delivery Hero,Berlin,Food,156,0.04,2023-01-30,Post-IPO,Germany,9900.0
DigitalOcean,New York City,Infrastructure,200,0.11,2023-02-15,Post-IPO,United States,491.0
Dotscience,London,Product,10,1.0,2020-05-19,Unknown,United Kingdom,
Eden / Managed By Q,New York City,Real Estate,40,0.4,2020-04-08,Series B,United States,40.0
Elinvar,Berlin,Finance,43,0.33,2022-10-21,Unknown,Germany,30.0
Ethos Life,SF Bay Area,Finance,50,,2023-02-21,Series D,United States,406.0
FabHotels,New Delhi,Travel,80,0.2,2020-03-30,Series B,India,48.0
Feedzai,Coimbra,Finance,,,2023-01-27,Unknown,Portugal,273.0
Finastra,Tel Aviv,Finance,,,2023-01-25,Unknown,Israel,
Fivetran,SF Bay Area,Data,,0.05,2022-10-04,Series D,United States,
Flowr,Toronto,Retail,,0.25,2020-03-24,Unknown,Canada,
Fraazo,Mumbai,Food,150,,2022-07-12,Series B,India,63.0
Frontdesk,Milwaukee,Travel,35,0.16,2020-04-10,Unknown,United States,3.0
FutureLearn,London,Education,,,2022-11-28,Unknown,United Kingdom,50.0
Gemini,New York City,Crypto,,0.1,2023-01-23,Unknown,United States,423.0
Glossier,New York City,Retail,19,0.08,2022-08-02,Series E,United States,266.0
GoCanvas,Washington D.C.,Technology,,,2023-01-13,Acquired,United States,21.0
GoDaddy,Austin,Marketing,451,0.06,2020-06-24,Post-IPO,United States,
Gopuff,Philadelphia,Food,100,,2022-01-26,Series H,United States,3400.0
Groupon,Chicago,Retail,2800,0.44,2020-04-13,Post-IPO,United States,1400.0
Hedvig,Stockholm,Finance,12,,2022-09-01,Series B,Sweden,67.0
HelloFresh,SF Bay Area,Food,611,,2022-10-10,Post-IPO,United States,367.0
Hibob,Tel Aviv,HR,70,0.3,2020-03-30,Series A,Israel,45.0
Hopin,London,Technology,,0.17,2022-11-16,Series D,United Kingdom,1000.0
Included Health,SF Bay Area,Healthcare,,0.06,2022-07-25,Series E,United States,272.0
Indigo,Boston,Other,80,,2021-02-09,Series F,United States,1200.0
Influitive,Toronto,Marketing,,,2020-04-17,Unknown,Canada,59.0
Intercom,SF Bay Area,Support,39,0.06,2020-05-20,Series D,United States,240.0
Jama,Portland,Product,12,0.05,2020-03-25,Unknown,United States,233.0
Jellysmack,New York City,Media,,0.08,2022-06-09,Series C,United States,22.0
Juniper,Atlanta,Marketing,,,2022-11-11,Acquired,United States,
Kabam,SF Bay Area,Consumer,35,0.07,2022-11-09,Acquired,United States,244.0
Katerra,SF Bay Area,Construction,400,0.07,2020-06-29,Series E,United States,1300.0
Kavak,Sao Paulo,Transportation,,,2022-11-18,Series E,Brazil,1600.0
Kickstarter,New York City,Finance,25,0.18,2020-05-13,Unknown,United States,10.0
Koho,Toronto,Finance,15,0.04,2022-11-17,Series D,Canada,278.0
Kry,Stockholm,Healthcare,300,0.1,2022-10-31,Series D,Sweden,568.0
League,Toronto,Healthcare,,,2020-05-05,Unknown,Canada,76.0
Lendingkart,Ahmedabad,Finance,500,0.5,2020-05-15,Unknown,India,200.0
Locomation,Pittsburgh,Transportation,,1.0,2023-02-22,Seed,United States,57.0
Loggi,Sao Paulo,Logistics,300,0.07,2023-02-06,Series F,Brazil,507.0
Lokalise,Dover,Other,76,0.23,2022-11-16,Series B,United States,56.0
Lola,Boston,Travel,34,,2020-03-19,Series C,United States,81.0
MakeMyTrip,Gurugram,Travel,350,0.1,2020-06-01,Post-IPO,India,548.0
Mapify,Berlin,Travel,,,2020-08-19,Seed,Germany,1.3
Metromile,SF Bay Area,Finance,60,0.2,2022-07-28,Acquired,United States,510.0
Modsy,SF Bay Area,Retail,,,2020-04-02,Series C,United States,70.0
Modsy,SF Bay Area,Retail,,,2022-06-29,Series C,United States,72.0
Nestcoin,Lagos,Crypto,30,,2022-11-14,Seed,Nigeria,6.0
New Relic,Portland,Infrastructure,20,,2020-06-29,Post-IPO,United States,214.5
NextRoll,SF Bay Area,Marketing,,0.07,2022-09-15,Unknown,United States,108.0
Notarize,Boston,Legal,60,,2022-10-31,Series D,United States,213.0
Nova Benefits,Bengaluru,Healthcare,,0.3,2022-06-28,Series B,India,41.0
Numbrs,Zurich,Finance,62,0.5,2020-05-07,Series B,Switzerland,78.0
Ocavu,Lehi,Crypto,20,0.48,2022-11-10,Series A,United States,11.0
Ola,Bengaluru,Transportation,1000,,2022-07-29,Series J,India,5000.0
On Deck,SF Bay Area,Education,72,0.25,2022-05-05,Series A,United States,20.0
OneStudyTeam,Boston,Healthcare,,0.25,2022-12-06,Series D,United States,479.0
Opal,Portland,Marketing,20,,2020-03-27,Series B,United States,25.0
Ouster,SF Bay Area,Transportation,,0.1,2020-09-08,Series B,United States,132.0
Outside,Boulder,Media,,0.12,2022-11-15,Series B,United States,174.0
PayPal,SF Bay Area,Finance,83,,2022-05-23,Post-IPO,United States,216.0
PayU,Amsterdam,Finance,150,0.06,2022-12-26,Acquired,Netherlands,
PerkSpot,Chicago,HR,10,0.1,2020-04-06,Private Equity,United States,50.0
Pesto,SF Bay Area,Other,,1.0,2022-09-23,Seed,United States,6.0
Philips,Amsterdam,Healthcare,6000,0.13,2023-01-30,Post-IPO,Netherlands,
Pinterest,SF Bay Area,Consumer,,,2022-11-30,Post-IPO,United States,1500.0
PowerReviews,Chicago,Retail,,,2020-04-23,Acquired,United States,78.0
Puppet,Portland,Infrastructure,50,0.1,2020-03-26,Series F,United States,149.0
Puppet,Portland,Infrastructure,,0.15,2022-08-03,Acquired,United States,189.0
Quidax,Lagos,Crypto,20,0.2,2022-11-24,Unknown,Nigeria,3.0
Qumulo,Seattle,Data,80,0.19,2022-06-29,Series E,United States,347.0
Remote Year,Chicago,Travel,50,0.5,2020-03-19,Series B,United States,17.0
Renmoney,Lagos,Finance,391,0.5,2020-04-28,Unknown,Nigeria,
Rivian,Detroit,Transportation,840,0.06,2022-07-27,Post-IPO,United States,10700.0
Rows,Berlin,Other,18,0.3,2022-06-29,Series B,Germany,25.0
Rubius,Boston,Healthcare,,0.82,2022-11-03,Post-IPO,United States,445.0
Salesforce,SF Bay Area,Sales,90,,2022-10-13,Post-IPO,United States,65.0
Sanar,Sao Paulo,Healthcare,60,0.2,2022-06-10,Unknown,Brazil,11.0
Seegrid,Pittsburgh,Logistics,90,,2022-08-02,Unknown,United States,107.0
Shogun,SF Bay Area,Retail,48,0.3,2022-08-09,Series C,United States,114.0
Sift,SF Bay Area,Security,,,2020-05-14,Series D,United States,106.0
Simple Feast,Copenhagen,Food,150,1.0,2022-09-07,Unknown,Denmark,173.0
SiriusXM,New York City,Media,475,0.08,2023-03-06,Post-IPO,United States,525.0
SonderMind,Denver,Healthcare,,0.15,2022-12-16,Series C,United States,183.0
Spotify,Stockholm,Media,600,0.06,2023-01-23,Post-IPO,Sweden,2100.0
Starry,Boston,Other,100,0.24,2023-01-18,Post-IPO,United States,260.0
Stitch Fix,SF Bay Area,Retail,1400,0.18,2020-06-01,Post-IPO,United States,79.0
StoryBlocks,Washington D.C.,Media,,0.25,2022-11-18,Acquired,United States,18.0
Stripe,SF Bay Area,Finance,50,,2022-08-19,Series H,United States,2300.0
Subspace,Los Angeles,Infrastructure,,1.0,2022-05-13,Series B,United States,
TealBook,Toronto,Other,34,0.19,2022-11-17,Series B,Canada,73.0
Tempus Ex,SF Bay Area,Data,,,2022-05-30,Unknown,United States,36.0
The Wing,New York City,Real Estate,,1.0,2022-08-31,Series C,United States,117.0
Thumbtack,SF Bay Area,Consumer,250,0.3,2020-03-30,Series F,United States,423.0
Toast,Boston,Food,1300,0.5,2020-04-07,Series F,United States,902.0
TomTom,Amsterdam,Transportation,500,0.1,2022-06-01,Post-IPO,Netherlands,
Tray.io,SF Bay Area,Data,,0.1,2022-06-21,Series C,United States,109.0
Truck It In,Karachi,Logistics,,0.3,2022-06-01,Seed,Pakistan,17.0
Truepill,SF Bay Area,Healthcare,,,2022-09-30,Series D,United States,255.0
Uber,SF Bay Area,Transportation,3700,0.14,2020-05-06,Post-IPO,United States,24700.0
VTEX,Sao Paulo,Retail,200,0.13,2022-05-26,Post-IPO,Brazil,365.0
Varo,SF Bay Area,Finance,75,,2022-07-20,Series E,United States,992.0
Vedantu,Bengaluru,Education,200,0.03,2022-05-05,Series E,India,292.0
Vesta,Atlanta,Sales,56,,2020-08-05,Unknown,United States,20.0
Vibrent Health,Washington D.C.,Healthcare,,0.13,2023-02-23,Unknown,United States,
Voi,Stockholm,Transportation,130,0.13,2022-12-07,Series D,United States,515.0
Wheel,Austin,Healthcare,56,0.28,2023-02-01,Series C,United States,215.0
WhyHotel,Washington D.C.,Travel,,0.5,2020-04-01,Series B,United States,33.0
Yabonza,Sydney,Real Estate,,1.0,2022-07-29,Unknown,Australia,6.0
YourGrocer,Melbourne,Food,,1.0,2022-12-19,Unknown,Australia,2.0
Zeus Living,SF Bay Area,Real Estate,73,0.5,2020-05-12,Series B,United States,79.0
Zilch,London,Finance,,,2022-11-26,Unknown,United Kingdom,389.0
iPrice Group,Kuala Lumpur,Retail,50,0.2,2022-06-08,Unknown,Malaysia,26.0
1stdibs,New York City,Retail,70,0.17,2020-04-02,Series D,United States,253.0
5B Solar,Sydney,Energy,,0.25,2022-06-03,Series A,Australia,12.0
Adaptive Biotechnologies,Seattle,Healthcare,100,0.12,2022-03-08,Post-IPO,United States,406.0
Addepar,SF Bay Area,Finance,20,0.03,2023-01-18,Series F,United States,491.0
Akerna,Denver,Logistics,,,2022-05-27,Unknown,United States,46.0
Albert,Los Angeles,Finance,20,0.08,2022-06-10,Series C,United States,175.0
Amazon,Seattle,Retail,10000,0.03,2022-11-16,Post-IPO,United States,108.0
Ambev Tech,Blumenau,Food,50,,2023-03-02,Acquired,Brazil,
Arc,SF Bay Area,HR,13,,2022-07-20,Seed,United States,1.0
Aspire,SF Bay Area,Marketing,23,,2022-07-15,Series A,United States,27.0
Autograph,Los Angeles,Crypto,,,2022-12-16,Series B,United States,205.0
Avalara,Seattle,Finance,,,2023-01-20,Acquired,United States,341.0
Avast,Phoenix,Security,,0.25,2022-11-10,Unknown,United States,
Beam Benefits,Columbus,Healthcare,31,0.08,2023-02-08,Series E,United States,168.0
Betterfly,Santiago,Healthcare,,0.3,2023-01-18,Series C,Chile,204.0
Bird,Los Angeles,Transportation,406,0.3,2020-03-27,Series D,United States,623.0
BitSight,Tel Aviv,Security,40,,2023-02-26,Unknown,Israel,401.0
Bitpanda,Vienna,Crypto,270,0.27,2022-06-24,Series C,Austria,546.0
Bittrex,Seattle,Crypto,80,,2023-02-02,Unknown,United States,
Bonsai,Toronto,Retail,30,0.55,2022-06-20,Series A,Canada,27.0
Bounce,Bengaluru,Transportation,120,,2020-03-19,Series D,India,214.0
Bounce,Bengaluru,Transportation,130,0.22,2020-06-29,Series D,India,214.2
Builder,Los Angeles,Product,39,0.14,2020-06-04,Series A,United States,29.0
Bustle Digital Group,New York City,Media,,0.08,2023-02-01,Series E,United States,80.0
Byju's,Bengaluru,Education,1500,,2023-02-02,Private Equity,India,5500.0
Candy Digital,New York City,Crypto,33,0.33,2022-11-28,Series A,United States,100.0
Carbon Health,SF Bay Area,Healthcare,250,0.08,2022-06-02,Series D,United States,522.0
CareerArc,Los Angeles,HR,,,2023-01-06,Private Equity,United States,30.0
Century Therapeutics,Philadelphia,Healthcare,,,2023-01-09,Post-IPO,United States,560.0
Chipper Cash,SF Bay Area,Finance,100,0.33,2023-02-17,Series C,United States,302.0
Classkick,Chicago,Education,,,2022-08-01,Seed,United States,1.0
Cloudera,SF Bay Area,Infrastructure,,,2020-05-05,Post-IPO,United States,1000.0
CoSchedule,Bismarck,Marketing,,,2023-01-13,Unknown,United States,2.0
Code42,Minneapolis,Data,25,0.05,2020-04-09,Series B,United States,137.5
Compass,New York City,Real Estate,271,,2022-09-20,Post-IPO,United States,1600.0
Copper,SF Bay Area,Marketing,35,,2020-04-02,Series C,United States,102.0
Curve,London,Finance,65,0.1,2022-06-01,Series C,United Kingdom,182.0
Cuyana,SF Bay Area,Retail,,,2020-03-30,Series C,United States,31.0
Dapper Labs,Vancouver,Crypto,134,0.22,2022-11-02,Series D,United States,607.0
Dapper Labs,Vancouver,Crypto,,0.2,2023-02-23,Series D,United States,607.0
Delivery Hero,Berlin,Food,300,,2021-12-22,Post-IPO,Germany,8300.0
Divvy Homes,SF Bay Area,Real Estate,,,2023-02-15,Series B,United States,180.0
Domo,Salt Lake City,Data,90,0.1,2020-04-09,Post-IPO,United States,689.0
Dutchie,Bend,Technology,50,0.07,2022-06-06,Series D,United States,603.0
Earth Rides,Nashville,Transportation,,1.0,2023-01-19,Unknown,United States,2.0
Element AI,Montreal,Technology,62,0.15,2020-05-04,Series B,Canada,257.0
Emitwise,London,Energy,,,2022-10-11,Series A,United Kingdom,16.0
Faire,SF Bay Area,Retail,84,0.07,2022-10-18,Series G,United States,1700.0
Finleap Connect,Hamburg,Finance,14,0.1,2022-06-30,Series A,Germany,22.0
Fipola,Chennai,Food,,1.0,2023-02-20,Series A,United States,9.0
ForeScout,SF Bay Area,Security,100,0.1,2023-01-10,Post-IPO,United States,125.0
FuboTV,New York City,Media,,,2022-08-02,Post-IPO,United States,151.0
Fungible,SF Bay Area,Crypto,,,2022-08-29,Series C,United States,310.0
G2,Chicago,Marketing,17,0.05,2020-06-30,Series C,United States,100.8
Getaround,SF Bay Area,Transportation,100,0.25,2020-03-27,Series D,United States,403.0
GoBolt,Toronto,Logistics,55,0.05,2023-01-10,Series C,Canada,178.0
Gopuff,Philadelphia,Food,450,0.03,2022-03-29,Series H,United States,3400.0
Greenlight,Atlanta,Finance,104,0.21,2023-01-12,Series D,United States,556.0
Group Nine Media,New York City,Media,50,0.07,2020-04-07,Unknown,United States,190.0
Handshake,SF Bay Area,Recruiting,,,2020-05-05,Series C,United States,74.0
Harappa,New Delhi,Education,60,0.3,2023-01-03,Acquired,India,
Hippo Insurance,SF Bay Area,Finance,70,0.1,2022-08-31,Post-IPO,United States,1300.0
HuffPo,New York City,Media,47,,2021-03-09,Acquired,United States,37.0
Incredible Health,SF Bay Area,Healthcare,9,0.4,2020-04-01,Series A,United States,15.0
Infarm,Berlin,Other,50,0.05,2022-09-14,Series D,Germany,604.0
Juni,Gothenburg,Finance,72,0.33,2022-11-17,Unknown,Sweden,281.0
Juul,SF Bay Area,Consumer,900,0.3,2020-05-05,Unknown,United States,1500.0
Le Tote,SF Bay Area,Retail,,0.5,2020-04-01,Series C,United States,62.0
LeafLink,New York City,Other,80,0.31,2022-12-15,Series C,United States,379.0
Lemonade,New York City,Finance,52,,2022-04-20,Post-IPO,United States,481.0
LendingTree,Charlotte,Finance,200,,2022-11-03,Post-IPO,United States,
Lever,SF Bay Area,Recruiting,86,0.4,2020-04-08,Series C,United States,72.0
Linkfire,Copenhagen,Marketing,35,0.35,2022-10-11,Seed,Denmark,2.0
Loft,Sao Paulo,Real Estate,47,0.1,2020-04-17,Series C,Brazil,263.0
Loom,SF Bay Area,Product,23,0.11,2022-10-20,Series C,United States,203.0
Loopio,Toronto,Sales,11,0.08,2020-05-04,Series A,Canada,11.0
Madefire,SF Bay Area,Media,,1.0,2021-04-29,Series B,United States,16.0
MadeiraMadeira,Curitiba,Retail,60,0.03,2022-08-09,Series E,Brazil,338.0
Magic Leap,Miami,Consumer,1000,0.5,2020-04-22,Series E,United States,2600.0
Mavenir,Dallas,Infrastructure,,,2023-01-18,Acquired,United States,854.0
Mobile Premier League,Bengaluru,Consumer,100,0.1,2022-05-30,Series E,India,375.0
Mogo,Vancouver,Finance,78,0.3,2020-03-27,Post-IPO,Canada,201.0
Momentive,SF Bay Area,Marketing,,0.14,2023-02-15,Post-IPO,United States,1100.0
OpenWeb,Tel Aviv,Media,14,0.05,2022-06-15,Series E,Israel,223.0
PACT Pharma,SF Bay Area,Healthcare,94,,2022-07-18,Series C,United States,200.0
PagerDuty,SF Bay Area,Product,,0.07,2023-01-24,Post-IPO,United States,173.0
Perx Health,Sydney,Healthcare,,,2022-07-02,Seed,Australia,2.0
Pocketmath,Singapore,Marketing,21,1.0,2021-01-20,Unknown,Singapore,20.0
Pollen,London,Travel,69,0.31,2020-05-19,Series B,United Kingdom,88.0
RealSelf,Seattle,Healthcare,11,0.05,2022-07-21,Series B,United States,42.0
Rhumbix,SF Bay Area,Construction,16,0.27,2020-04-10,Series B,United States,35.0
Rubius,Boston,Healthcare,160,0.75,2022-09-13,Post-IPO,United States,445.0
Rupeek,Bengaluru,Finance,50,,2022-09-07,Unknown,India,172.0
SWVL,Dubai,Transportation,400,0.32,2022-05-30,Post-IPO,United Arab Emirates,132.0
Slync,Dallas,Logistics,,,2022-08-05,Series B,United States,76.0
SmartNews,Tokyo,Media,120,0.4,2023-01-12,Series F,United States,410.0
SoFi,SF Bay Area,Finance,112,0.07,2020-05-20,Private Equity,United States,2500.0
Spaceship,Sydney,Finance,,,2023-01-19,Series A,Australia,41.0
Springbig,Miami,Sales,37,0.23,2022-12-01,Post-IPO,United States,32.0
StockX,Detroit,Retail,120,0.08,2022-06-28,Series E,United States,690.0
Syte,Tel Aviv,Retail,13,0.08,2022-07-05,Series C,Israel,71.0
Taboola,New York City,Marketing,100,0.06,2022-09-13,Post-IPO,United States,445.0
Teachmint,Bengaluru,Education,45,0.05,2022-11-30,Series B,India,118.0
Tier Mobility,Berlin,Transportation,180,0.16,2022-08-23,Series D,Germany,646.0
TikTok,Los Angeles,Consumer,,,2023-01-20,Acquired,United States,
Turo,SF Bay Area,Transportation,108,0.3,2020-03-31,Series E,United States,467.0
Unbabel,Lisbon,Support,80,0.35,2020-04-08,Series C,Portugal,91.0
Verily,SF Bay Area,Healthcare,250,0.15,2023-01-11,NULL,United States,3500.0
Viber,Luxembourg,Consumer,45,0.08,2022-11-15,Acquired,Luxembourg,
Vimeo,New York City,Consumer,,0.11,2023-01-04,Post-IPO,United States,450.0
Warby Parker,New York City,Consumer,63,,2022-08-08,Post-IPO,United States,535.0
Wayfair,Boston,Retail,870,0.05,2022-08-19,Post-IPO,United States,1700.0
WeDoctor,Non-U.S.,Healthcare,500,,2022-03-02,Series F,China,1400.0
Wefox,Berlin,Finance,100,,2023-01-31,Series D,Germany,1300.0
Wonder,New York City,Other,,,2020-04-02,Unknown,United States,
Wordstream,Boston,Marketing,26,0.1,2020-04-06,Acquired,United States,28.0
Worksmith,Austin,Retail,30,0.5,2020-11-09,Unknown,United States,3.8
Wyre,SF Bay Area,Crypto,,1.0,2023-01-04,Unknown,United States,29.0
Xerpa,Sao Paulo,HR,10,,2020-04-14,Unknown,Brazil,5.0
Zappos,Las Vegas,Retail,,,2023-01-20,Acquired,United States,62.0
ZenBusiness,Austin,Other,,,2022-11-10,Series C,United States,277.0
ZenLedger,Seattle,Crypto,,0.1,2022-12-09,Series B,United States,25.0
Zymergen,SF Bay Area,Other,80,,2022-08-26,Acquired,United States,974.0
iFit,Logan,Fitness,,,2022-02-25,Private Equity,United States,200.0
iFood,Sao Paulo,Food,355,0.06,2023-03-01,Subsidiary,Brazil,2100.0
10X Genomics,SF Bay Area,Healthcare,100,0.08,2022-08-04,Post-IPO,United States,242.0
54gene,Washington D.C.,Healthcare,95,0.3,2022-08-29,Series B,United States,44.0
98point6,Seattle,Healthcare,,0.1,2022-07-21,Series E,United States,247.0
Acorns,Portland,Finance,50,,2020-05-26,Unknown,United States,207.0
Adwerx,Durham,Marketing,40,,2022-07-07,Unknown,United States,20.0
Ahead,SF Bay Area,Healthcare,44,1.0,2022-04-14,Unknown,United States,9.0
Akili Labs,Baltimore,Healthcare,46,0.3,2023-01-12,Seed,United States,
Alegion,Austin,Data,,,2020-04-03,Series A,United States,16.0
Alerzo,Ibadan,Retail,,,2022-09-02,Series B,Nigeria,16.0
ApplyBoard,Waterloo,Education,90,0.06,2022-11-28,Series D,Canada,483.0
Autobooks,Detroit,Finance,,,2022-12-10,Series C,United States,97.0
BM Technologies,Philadelphia,Finance,,0.25,2023-01-30,Post-IPO,United States,
BUX,Amsterdam,Finance,,,2023-01-22,Series C,Netherlands,115.0
Bench,Vancouver,Finance,47,0.1,2020-03-27,Series B,Canada,49.0
Better.com,New York City,Real Estate,3000,0.33,2022-03-08,Unknown,United States,905.0
BharatAgri,Mumbai,Food,40,0.43,2023-01-15,Series A,India,21.0
BitTorrent,SF Bay Area,Infrastructure,92,,2023-01-20,Acquired,United States,
BookMyShow,Mumbai,Consumer,270,0.18,2020-05-28,Unknown,India,224.0
Brainly,Krakow,Education,25,,2022-11-06,Series D,Poland,148.0
Bridge Connector,Nashville,Healthcare,154,1.0,2020-11-17,Series B,United States,45.0
Buzzer,New York City,Media,,0.2,2022-06-20,Unknown,United States,32.0
ByteDance,Shanghai,Consumer,150,,2022-06-17,Unknown,China,9400.0
Calibrate,New York City,Healthcare,156,0.24,2022-07-08,Series B,United States,127.0
Carbon,SF Bay Area,Hardware,,,2022-10-26,Series E,United States,683.0
Carvana,Phoenix,Transportation,1500,0.08,2022-11-18,Post-IPO,United States,1600.0
Celsius,New York City,Crypto,150,0.25,2022-07-03,Series B,United States,864.0
Cerebral,SF Bay Area,Healthcare,400,0.2,2022-10-24,Series C,United States,462.0
Checkmarx,Tel Aviv,Security,100,0.1,2022-11-02,Series C,Israel,92.0
Cheddar,New York City,Media,,,2020-04-24,Acquired,United States,54.0
Chili Piper,New York City,Sales,58,,2022-11-17,Series B,United States,54.0
CoinDCX,Mumbai,Crypto,80,,2023-01-11,Series D,India,244.0
CoinFLEX,Victoria,Crypto,,,2022-07-29,Unknown,Seychelles,11.0
Community,Los Angeles,Marketing,40,0.3,2022-06-21,Unknown,United States,40.0
Convene,New York City,Real Estate,,,2022-12-10,Unknown,United States,281.0
DUX Education,Bengaluru,Education,,1.0,2023-02-28,Unknown,India,
DataRobot,Boston,Data,70,0.07,2022-05-11,Series G,United States,1000.0
DeHaat,Patna,Food,,0.05,2023-01-15,Series E,India,254.0
Deputy,Sydney,HR,60,0.3,2020-05-04,Series B,Australia,106.0
Dooly,Vancouver,Sales,12,,2022-08-09,Series B,Canada,102.0
DraftKings,Boston,Consumer,140,0.04,2023-02-01,Post-IPO,United States,719.0
Eaze,SF Bay Area,Consumer,25,,2022-06-01,Series D,United States,202.0
Equitybee,SF Bay Area,Finance,24,0.25,2023-02-08,Series B,United States,85.0
Ethos Life,SF Bay Area,Finance,40,0.12,2022-06-24,Series D,United States,406.0
Exodus,Nebraska City,Crypto,59,0.22,2022-11-04,Unknown,United States,60.0
Feather,New York City,Retail,,,2022-06-24,Unknown,United States,76.0
Flux Systems,London,Finance,,1.0,2022-10-14,Unknown,United Kingdom,9.0
Flywheel Sports,New York City,Fitness,784,0.98,2020-03-20,Acquired,United States,120.0
Foresight Insurance,SF Bay Area,Finance,,0.4,2022-10-06,Series B,United States,58.0
Forward,SF Bay Area,Healthcare,10,0.03,2020-04-20,Series C,United States,100.0
Freetrade,London,Finance,45,0.15,2022-06-10,Unknown,United Kingdom,133.0
Fundbox,SF Bay Area,Finance,14,0.15,2020-06-02,Series C,United States,453.0
GoBear,Singapore,Finance,22,0.11,2020-09-01,Unknown,Singapore,97.0
Grab,Singapore,Transportation,360,0.05,2020-06-16,Series I,Singapore,9900.0
Havenly,Denver,Consumer,5,,2020-07-01,Series C,United States,57.8
Help Scout,Boston,Support,,,2022-11-01,Series B,United States,28.0
Help.com,Austin,Support,16,1.0,2020-03-16,Seed,United States,6.0
Hired,SF Bay Area,Recruiting,,,2020-06-30,Series D,United States,132.0
Hodlnaut,Singapore,Crypto,40,0.8,2022-08-19,Unknown,Singapore,
Homie,Salt Lake City,Real Estate,119,0.29,2022-02-14,Series B,United States,35.0
Hootsuite,Vancouver,Marketing,400,0.3,2022-08-09,Series C,Canada,300.0
Hotmart,Belo Horizonte,Marketing,227,0.12,2022-10-20,Series C,Brazil,127.0
HubSpot,Boston,Marketing,500,0.07,2023-01-31,Post-IPO,United States,100.0
Ignite,SF Bay Area,Crypto,,0.5,2022-07-11,Series A,United States,9.0
Impala,London,Travel,30,0.35,2022-06-01,Series B,United Kingdom,32.0
Impossible Foods copy,SF Bay Area,Food,140,0.2,2023-01-30,Series H,United States,1900.0
Inscripta,Boulder,Healthcare,43,,2022-12-08,Series E,United States,459.0
Integral Ad Science,New York City,Marketing,120,0.13,2022-12-07,Acquired,United States,116.0
IronNet,Washington D.C.,Security,55,0.17,2022-06-22,Post-IPO,United States,410.0
Kaodim,Selangor,Consumer,,1.0,2022-06-02,Series B,United States,17.0
Kite,SF Bay Area,Product,,1.0,2022-11-16,Series A,United States,21.0
Kogan,Melbourne,Retail,,,2022-08-23,Post-IPO,Australia,
LEAD,Mumbai,Education,80,0.04,2022-08-04,Series E,India,166.0
Lantern,Grand Rapids,Retail,,1.0,2023-01-06,Seed,United States,40.0
Lastline,SF Bay Area,Security,50,0.4,2020-06-04,Series C,United States,52.0
Lawgeex,Tel Aviv,Legal,30,0.33,2022-09-06,Series C,Israel,41.0
Lightspeed Commerce,Montreal,Retail,300,0.1,2023-01-17,Post-IPO,Canada,1200.0
Luno,London,Crypto,330,0.35,2023-01-25,Acquired,United Kingdom,13.0
McMakler,Berlin,Real Estate,90,,2022-07-26,Unknown,Germany,214.0
MediBuddy,Bengaluru,Healthcare,200,,2023-01-20,Acquired,India,192.0
Melio,New York City,Finance,60,,2022-08-09,Series D,United States,504.0
Meow Wolf,Santa Fe,Media,201,,2020-04-10,Unknown,United States,185.0
MeridianLink,Los Angeles,Finance,,0.09,2023-02-28,Post-IPO,United States,485.0
Metigy,Sydney,Marketing,75,1.0,2022-07-31,Series B,Australia,18.0
MissFresh,Beijing,Food,,,2022-07-29,Post-IPO,China,1700.0
Monese,Lisbon,Finance,35,,2020-05-01,Unknown,Portugal,80.0
Morning Consult,Washington D.C.,Data,,,2023-01-20,Series B,United States,91.0
Newfront Insurance,SF Bay Area,Finance,94,,2020-04-07,Unknown,United States,
Nomad,Sao Paulo,Finance,,0.2,2022-08-04,Series B,Brazil,290.0
Oatly,Malmö,Food,,,2022-11-15,Post-IPO,Sweden,441.0
Ola,Bengaluru,Transportation,1400,0.35,2020-05-20,Series J,India,3800.0
OnDeck,New York City,Finance,,,2020-07-08,Post-IPO,United States,1200.0
OneFootball,Berlin,Marketing,150,0.32,2023-02-23,Series D,Germany,442.0
Optimizely,SF Bay Area,Marketing,60,0.15,2020-07-15,Series D,United States,251.2
Outschool,SF Bay Area,Education,43,0.25,2022-12-10,Series D,United States,240.0
Oyster,Charlotte,HR,,,2023-01-30,Series C,United States,224.0
Palantir,Denver,Data,75,0.02,2023-02-27,Post-IPO,United States,3000.0
PatientPop,Los Angeles,Healthcare,100,0.2,2020-04-01,Series B,United States,75.0
PeopleGrove,SF Bay Area,HR,,,2020-04-03,Series A,United States,7.0
Picsart,Miami,Consumer,90,0.08,2022-05-17,Series C,United States,195.0
Playtika,Tel Aviv,Consumer,250,0.06,2022-05-31,Post-IPO,Israel,
Pluralsight,Salt Lake City,Education,400,0.2,2022-12-12,Acquired,United States,192.0
Pocket Aces,Mumbai,Media,50,0.25,2023-02-06,Unknown,India,19.0
Postmates,SF Bay Area,Food,180,0.15,2021-01-23,Acquired,United States,763.0
Prisma,SF Bay Area,Data,,0.28,2023-01-19,Series B,United States,56.0
Privitar,London,Data,20,,2021-01-27,Series C,United Kingdom,150.0
Procore,Los Angeles,Construction,180,0.09,2020-07-28,Unknown,United States,649.0
Provi,Chicago,Food,,,2022-11-03,Series C,United States,150.0
Purse,SF Bay Area,Crypto,,1.0,2020-04-16,Seed,United States,1.0
Qin1,Noida,Education,,1.0,2022-10-14,Seed,India,
Quanterix,Boston,Healthcare,130,0.25,2022-08-09,Post-IPO,United States,533.0
Quanto,Sao Paulo,Finance,28,0.22,2022-07-22,Series A,Brazil,15.0
Rain,Manama,Finance,,,2022-06-02,Series B,Bahrain,202.0
Reef,Miami,Transportation,750,0.05,2022-05-06,Unknown,United States,1500.0
Revelate,Montreal,Data,24,0.3,2022-12-16,Series A,Canada,26.0
Revolut,London,Finance,60,0.03,2020-05-11,Series D,United Kingdom,837.0
Ridecell,SF Bay Area,Transportation,35,0.15,2020-05-14,Series B,United States,73.0
Root Insurance,Columbus,Finance,137,0.2,2022-11-09,Post-IPO,United States,527.0
Sage Therapeutics,Boston,Healthcare,340,0.53,2020-04-07,Post-IPO,United States,438.0
Salesforce,SF Bay Area,Sales,8000,0.1,2023-01-04,Post-IPO,United States,65.0
Salesloft,Atlanta,Sales,100,0.1,2023-02-07,Acquired,United States,245.0
Sea,Singapore,Consumer,,,2022-09-02,Post-IPO,Singapore,8600.0
Share Now,Berlin,Transportation,150,0.36,2022-12-09,Acquired,Germany,
Showpad,Chicago,Marketing,52,0.12,2020-04-01,Series D,United States,159.0
Shutterfly,SF Bay Area,Retail,800,,2021-01-25,Acquired,United States,50.0
Snagajob,Richmond,HR,,,2022-08-31,Unknown,United States,221.0
Snap,Los Angeles,Consumer,1280,0.2,2022-08-31,Post-IPO,United States,4900.0
Snapdocs,SF Bay Area,Real Estate,,0.1,2022-08-16,Series D,United States,253.0
Sorabel,Jakarta,Retail,,1.0,2020-07-23,Series B,Indonesia,27.0
Swappie,Helsinki,Retail,250,0.17,2022-06-15,Series C,Finland,169.0
Swiggy,Bengaluru,Food,350,0.05,2020-07-27,Series I,India,1600.0
Swing Education,SF Bay Area,Education,,,2020-09-05,Series B,United States,22.8
Synlogic,Boston,Healthcare,,0.25,2022-12-01,Post-IPO,United States,321.0
Takl,Nashville,Consumer,130,,2020-03-24,Unknown,United States,
Teleport,SF Bay Area,Infrastructure,15,0.06,2022-07-01,Series C,United States,169.0
Tempo,SF Bay Area,Fitness,,,2022-10-03,Series C,United States,298.0
Textio,Seattle,Recruiting,30,0.2,2020-03-27,Unknown,United States,41.0
The Predictive Index,Boston,HR,40,,2022-08-02,Acquired,United States,71.0
Thinkific,Vancouver,Education,,,2022-12-05,Post-IPO,Canada,22.0
Trade Republic,Berlin,Finance,,,2022-06-09,Series C,Germany,1200.0
Treehouse,Portland,Education,41,0.9,2021-09-14,Series B,United States,12.0
Turnitin,SF Bay Area,Education,51,0.05,2022-10-06,Acquired,United States,
Turntide,SF Bay Area,Energy,,0.2,2022-07-28,Unknown,United States,491.0
Twitter,SF Bay Area,Consumer,3700,0.5,2022-11-04,Post-IPO,United States,12900.0
Universal Standard,New York City,Retail,,,2020-03-25,Series A,United States,8.0
Unstoppable Domains,SF Bay Area,Crypto,42,0.25,2022-07-14,Series B,United States,7.0
Vee,Tel Aviv,HR,16,0.32,2022-07-31,Seed,Israel,15.0
Velodyne Lidar,SF Bay Area,Transportation,140,,2020-04-03,Unknown,United States,225.0
Vezeeta,Dubai,Healthcare,50,0.1,2022-06-28,Series D,United Arab Emirates,71.0
Viamo,Accra,Other,,,2022-08-31,Unknown,Ghana,
Voly,Sydney,Food,,,2022-11-10,Seed,Australia,13.0
WeFit,Hanoi,Fitness,,1.0,2020-05-13,Seed,Vietnam,1.0
Workstream,SF Bay Area,HR,45,,2022-07-22,Series B,United States,58.0
Xsight Labs,Tel Aviv,Other,,,2022-09-07,Series D,Israel,100.0
Yoco,Cape Town,Finance,,,2020-04-29,Series B,South Africa,23.0
Zipcar,Boston,Transportation,100,0.2,2020-03-27,Acquired,United States,107.0
Zscaler,SF Bay Area,Security,177,0.03,2023-03-02,Post-IPO,United States,148.0
80 Acres Farms,Cincinnati,Food,,0.1,2023-01-18,Unknown,United States,275.0
ActiveCampaign,Chicago,Marketing,,0.15,2022-10-03,Series C,United States,360.0
AlayaCare,Montreal,Healthcare,80,0.14,2022-08-16,Series D,Canada,293.0
Amazon,Seattle,Retail,150,,2022-10-28,Post-IPO,United States,108.0
Amdocs,St. Louis,Support,700,0.03,2023-01-02,Post-IPO,United States,
Argo AI,Pittsburgh,Transportation,173,,2022-10-26,Unknown,United States,3600.0
Articulate,New York City,Education,38,,2023-02-02,Series A,United States,1500.0
Autodesk,SF Bay Area,Technology,250,0.02,2023-02-02,Post-IPO,United States,
Avo,Tel Aviv,Food,500,0.67,2022-05-01,Series B,Israel,45.0
Benitago Group,New York City,Retail,,0.14,2022-11-04,Series A,United States,380.0
BigBear.ai,Baltimore,Data,,0.07,2022-09-08,Post-IPO,United States,200.0
BigCommerce,Austin,Retail,180,0.13,2022-12-15,Post-IPO,United States,224.0
Bilibili,Shanghai,Media,,0.3,2022-12-27,Post-IPO,China,3700.0
Bird,Los Angeles,Transportation,138,0.23,2022-06-07,Post-IPO,United States,783.0
BitOasis,Dubai,Crypto,9,0.05,2022-06-19,Series B,United Arab Emirates,30.0
Bitfarms,Quebec,Crypto,,,2020-04-06,Post-IPO,Canada,25.0
Bluprint,Denver,Education,137,1.0,2020-05-26,Acquired,United States,108.0
Bonsai,Toronto,Retail,29,0.34,2022-04-26,Series A,Canada,27.0
BounceX,New York City,Marketing,77,0.2,2020-04-06,Series B,United States,75.0
Butterfly Network,New Haven,Healthcare,,0.1,2022-08-02,Post-IPO,United States,530.0
ByteDance,Shanghai,Consumer,,0.1,2023-01-03,Unknown,China,9400.0
C2FO,Kansas City,Finance,20,0.02,2022-12-09,Series H,United States,537.0
C6 Bank,Sao Paulo,Finance,,,2023-02-06,Unknown,Brazil,2300.0
CTO.ai,Vancouver,Infrastructure,30,0.5,2020-03-20,Seed,Canada,7.0
Canoo,Los Angeles,Transportation,58,0.06,2022-07-01,Post-IPO,United States,300.0
Capitolis,New York City,Finance,,0.25,2022-11-18,Series D,United States,281.0
Career Karma,SF Bay Area,Education,60,0.33,2022-07-28,Series B,United States,51.0
Cheetah,SF Bay Area,Food,,,2020-10-25,Series B,United States,67.0
Chipper Cash,SF Bay Area,Finance,50,0.125,2022-12-06,Series C,United States,302.0
Claravine,Salt Lake City,Marketing,,,2020-03-31,Seed,United States,4.0
Clarify Health,SF Bay Area,Healthcare,15,0.05,2022-07-22,Series D,United States,328.0
Clearco,Toronto,Finance,50,0.3,2023-01-16,Series C,Canada,698.0
Compass,New York City,Real Estate,375,0.15,2020-03-23,Series G,United States,1600.0
ContraFect,New York City,Healthcare,16,0.37,2022-08-15,Post-IPO,United States,380.0
Cvent,Washington D.C.,Marketing,400,0.1,2020-05-21,Acquired,United States,146.0
CyCognito,SF Bay Area,Security,30,0.15,2022-12-08,Series C,United States,153.0
Cybereason,Boston,Security,200,0.17,2022-10-26,Series F,United States,750.0
DSCO,Salt Lake City,Retail,12,,2020-04-03,Series A,United States,4.0
DataStax,SF Bay Area,Data,15,,2020-04-14,Series E,United States,190.0
Desktop Metal,Boston,Technology,,0.12,2022-06-13,Post-IPO,United States,811.0
Domio,New York City,Travel,,0.3,2020-03-31,Series B,United States,116.0
Dover,SF Bay Area,Recruiting,23,0.3,2022-07-26,Series A,United States,22.0
Dukaan,Bengaluru,Retail,23,,2022-10-31,Series A,India,17.0
Electric,New York City,Other,141,0.25,2023-02-13,Series D,United States,212.0
Engine eCommerce,Fayetteville,Retail,,1.0,2020-06-28,Unknown,United States,4.0
Esper,Seattle,Security,,0.12,2022-06-23,Series A,United States,10.0
Expert360,Sydney,Recruiting,7,,2022-08-11,Series C,Australia,26.0
Filevine,Salt Lake City,Legal,,,2022-12-06,Series D,United States,226.0
Flyhomes,Seattle,Real Estate,300,0.4,2022-11-09,Series C,United States,310.0
Flynote,Bengaluru,Travel,,,2020-05-01,Seed,India,1.0
Foodpanda,Bucharest,Food,80,,2022-05-26,Acquired,Romania,749.0
FrontRow,Bengaluru,Education,145,0.3,2022-05-27,Series A,India,17.0
G/O Media Group,New York City,Media,14,0.05,2020-04-03,Unknown,United States,
GSR,Hong Kong,Crypto,,,2022-10-11,Unknown,Hong Kong,
Gem,SF Bay Area,Recruiting,100,0.33,2022-11-01,Series C,United States,148.0
GoStudent,Vienna,Education,100,,2022-12-14,Series D,Austria,686.0
Graphcore,Bristol,Data,,,2022-09-27,Unknown,United Kingdom,692.0
Green Labs,Seoul,Food,,,2023-02-21,Series C,South Korea,214.0
Hash,Sao Paulo,Finance,58,0.5,2022-08-01,Series C,Brazil,58.0
Homeward,Austin,Real Estate,,0.25,2022-11-16,Unknown,United States,501.0
HopSkipDrive,Los Angeles,Transportation,,,2020-08-12,Unknown,United States,45.0
Hoxhunt,Helsinki,Security,,,2023-01-29,Series B,Finland,43.0
HumanForest,London,Transportation,,,2020-09-25,Private Equity,United Kingdom,1.54
InVision,New York City,Product,,,2020-08-14,Series F,United States,350.2
Inspectify,Seattle,Real Estate,,,2022-11-28,Series A,United States,11.0
Inspirato,Denver,Travel,109,0.12,2023-01-18,Post-IPO,United States,179.0
Instacart,SF Bay Area,Food,,,2022-09-24,Unknown,United States,2900.0
Integral Ad Science,New York City,Marketing,70,0.1,2020-05-14,Acquired,United States,116.0
IronNet,Washington D.C.,Security,90,0.35,2022-06-22,Post-IPO,United States,410.0
Jetty,New York City,Finance,35,0.4,2020-04-03,Series B,United States,40.0
Just Eat Takeaway,Amsterdam,Food,390,,2022-07-20,Post-IPO,Netherlands,2800.0
Kapten / Free Now,Paris,Transportation,,,2020-05-21,Acquired,France,100.0
Koo,Bengaluru,Consumer,40,,2022-08-31,Series B,India,44.0
Lam Research,SF Bay Area,Hardware,1300,0.07,2023-01-25,Post-IPO,United States,
Landing,Birmingham,Real Estate,110,,2022-10-06,Series C,United States,347.0
Lighter Capital,Seattle,Finance,22,0.49,2020-07-20,Series B,United States,15.0
Lime,SF Bay Area,Transportation,80,0.13,2020-04-29,Series D,United States,765.0
Loft,Sao Paulo,Real Estate,384,0.12,2022-07-05,Unknown,Brazil,788.0
Lumina Networks,SF Bay Area,Infrastructure,,1.0,2020-08-18,Series A,United States,10.0
Lyft,SF Bay Area,Transportation,982,0.17,2020-04-29,Post-IPO,United States,4900.0
Made.com,London,Retail,,0.35,2022-09-22,Series D,United Kingdom,136.0
Malwarebytes,SF Bay Area,Security,125,0.14,2022-08-17,Series B,United States,80.0
Mapbox,Washington D.C.,Data,64,,2023-01-12,Unknown,United States,334.0
MariaDB,Helsinki,Data,,0.08,2023-02-01,Post-IPO,Finland,245.0
Maven,Seattle,Media,31,0.09,2020-03-30,Post-IPO,United States,77.0
McMakler,Berlin,Real Estate,100,,2022-10-24,Unknown,Germany,214.0
Meesho,Bengaluru,Retail,150,,2022-04-11,Series F,India,1100.0
Mews,Prague,Travel,,,2020-04-03,Series B,Czech Republic,41.0
Mojo Vision,SF Bay Area,Hardware,,0.75,2023-01-06,Series B,United States,204.0
Moove,Lagos,Transportation,,,2022-12-06,Unknown,Nigeria,630.0
Morning Brew,New York City,Media,,0.14,2022-11-17,Acquired,United States,
Moss,Berlin,Fin-Tech,70,0.15,2022-09-23,Series B,Germany,150.0
Mr. Yum,Melbourne,Food,,0.17,2022-08-22,Series A,United States,73.0
Mythical Games,Los Angeles,Crypto,,0.1,2022-11-04,Series C,United States,260.0
NS8,Las Vegas,Data,240,0.95,2020-09-11,Series A,United States,157.9
National Instruments,Austin,Hardware,,0.04,2023-01-31,Post-IPO,United States,
Netflix,SF Bay Area,Media,150,0.01,2022-05-17,Post-IPO,United States,
Netflix,SF Bay Area,Media,30,,2022-09-14,Post-IPO,United States,
NextRoll,SF Bay Area,Marketing,,0.03,2022-07-08,Unknown,United States,108.0
Noom,New York City,Healthcare,495,,2022-04-29,Series F,United States,657.0
OYO,London,Travel,150,,2020-05-01,Series F,United Kingdom,2400.0
Octopus Network,Beau Vallon,Crypto,,0.4,2022-12-27,Series A,Seychelles,8.0
Omnipresent,London,HR,,,2023-02-01,Series B,United States,137.0
OneTrust,Atlanta,Legal,150,0.1,2020-04-09,Series B,United States,410.0
PagBank,Sao Paulo,Finance,500,0.07,2023-01-16,Post-IPO,Brazil,
Patreon,SF Bay Area,Media,30,0.13,2020-04-21,Series D,United States,165.0
Patreon,SF Bay Area,Media,5,,2022-09-09,Series F,United States,413.0
PeerStreet,Los Angeles,Real Estate,,,2023-02-21,Series C,United States,121.0
Pendo,Raleigh,Product,45,0.05,2022-09-07,Series F,United States,469.0
Pipl,Spokane,Security,22,0.13,2022-06-23,Unknown,United States,19.0
Pollen,London,Travel,200,0.33,2022-05-10,Series C,United Kingdom,238.0
Pulse Secure,SF Bay Area,Security,78,,2020-12-23,Acquired,United States,
Quantcast,SF Bay Area,Marketing,40,0.06,2022-07-29,Series C,United States,65.0
Quicko,Sao Paulo,Transportation,60,,2022-09-12,Acquired,Brazil,28.0
RainFocus,Salt Lake City,Marketing,,,2020-04-07,Private Equity,United States,41.0
Reforge,SF Bay Area,Education,,,2022-11-10,Series B,United States,81.0
Ruangguru,Jakarta,Education,,,2022-11-18,Unknown,Indonesia,205.0
SIRCLO,Jakarta,Retail,160,0.08,2022-11-22,Series B,Indonesia,92.0
Sana Benefits,Austin,HR,,0.19,2023-02-07,Series B,United States,106.0
Section4,New York City,Education,32,,2022-05-12,Series A,United States,37.0
ServiceTitan,Los Angeles,Sales,221,0.08,2023-02-15,Series G,United States,1100.0
Shopify,Ottawa,Retail,50,,2022-07-06,Post-IPO,Canada,122.0
Sidecar Health,Los Angeles,Healthcare,110,0.4,2022-06-28,Series C,United States,163.0
Sisense,New York City,Data,80,0.09,2020-04-23,Series F,United States,274.0
Sketch,The Hague,Other,80,,2022-10-11,Series A,Netherlands,20.0
Slice Labs,New York City,Finance,,,2020-04-08,Series A,United States,35.0
Smava,Berlin,Finance,100,0.1,2022-08-31,Unknown,Germany,188.0
Snap Finance,Salt Lake City,Finance,,,2020-03-31,Unknown,United States,
SoFi,SF Bay Area,Finance,,,2023-01-30,Post-IPO,United States,3000.0
Stay Alfred,Spokane,Travel,221,1.0,2020-05-20,Series B,United States,62.0
Strava,SF Bay Area,Fitness,,0.14,2022-12-01,Series F,United States,151.0
StrongDM,SF Bay Area,Infrastructure,40,,2023-02-23,Series B,United States,76.0
StubHub,SF Bay Area,Consumer,200,,2020-05-28,Acquired,United States,19.0
SumUp,London,Finance,,,2021-05-05,Unknown,United Kingdom,53.0
SummerBio,SF Bay Area,Healthcare,101,1.0,2022-06-20,Unknown,United States,7.0
SweetEscape,Jakarta,Consumer,,0.3,2020-04-15,Series A,Indonesia,7.0
Swiggy,Bengaluru,Food,1100,0.14,2020-05-18,Series I,India,1600.0
TaskUs,Los Angeles,Support,52,0.0,2022-06-21,Post-IPO,United States,279.0
Terminus,Atlanta,Marketing,,,2022-05-27,Unknown,United States,192.0
The Predictive Index,Boston,HR,59,0.25,2020-04-02,Acquired,United States,65.0
The RealReal,SF Bay Area,Retail,230,0.07,2023-02-16,Post-IPO,United States,356.0
The Wing,New York City,Real Estate,,0.5,2020-04-03,Series C,United States,117.0
Thriver,Toronto,Food,75,0.5,2020-08-06,Series B,Canada,53.0
Trell,Bengaluru,Retail,300,0.5,2022-03-15,Series B,India,62.0
Tripwire,Portland,Security,,,2022-05-12,Acquired,United States,29.0
Twilio,SF Bay Area,Infrastructure,800,0.11,2022-09-14,Post-IPO,United States,614.0
Uber,Bengaluru,Transportation,600,0.23,2020-05-26,Post-IPO,India,24700.0
Udaan,Bengaluru,Retail,350,,2022-11-04,Unknown,India,1500.0
Udayy,Gurugram,Education,100,1.0,2022-06-01,Seed,India,2.0
Usermind,Seattle,Marketing,15,0.25,2020-04-01,Series C,United States,46.0
VSCO,SF Bay Area,Consumer,45,0.35,2020-04-14,Series B,United States,90.0
Varonis,New York City,Security,110,0.05,2022-11-06,Post-IPO,United States,30.0
Voi,Stockholm,Transportation,35,0.1,2022-06-22,Series D,United States,515.0
Volt Bank,Sydney,Finance,,1.0,2022-06-29,Series E,Australia,90.0
Voyage SMS,Los Angeles,Marketing,8,0.13,2022-06-23,Unknown,United States,10.0
Vroom,New York City,Transportation,337,,2022-08-08,Post-IPO,United States,1300.0
Wave,Dakar,Finance,300,0.15,2022-07-13,Series A,Senegal,292.0
Wayfair,Boston,Retail,1750,0.1,2023-01-20,Post-IPO,United States,1700.0
Waymo,SF Bay Area,Transportation,209,0.08,2023-03-01,Subsidiary,United States,5500.0
WazirX,Mumbai,Crypto,60,0.4,2022-10-02,Acquired,India,
WeWork,New York City,Real Estate,250,,2020-03-28,Series H,United States,2250.0
Wealthsimple,Toronto,Finance,159,0.13,2022-06-15,Unknown,Canada,900.0
Weedmaps,Los Angeles,Other,175,0.25,2022-12-06,Acquired,United States,
Zak,Sao Paulo,Food,100,0.4,2022-05-16,Series A,United States,29.0
Zillow,Seattle,Real Estate,300,0.05,2022-10-26,Post-IPO,United States,97.0
iRobot,Boston,Consumer,85,0.07,2023-02-13,Acquired,United States,30.0
100 Thieves,Los Angeles,Retail,,,2023-01-10,Series C,United States,120.0
2TM,Sao Paulo,Crypto,90,0.12,2022-06-01,Unknown,Brazil,250.0
99,Sao Paulo,Transportation,75,0.02,2022-09-20,Acquired,Brazil,244.0
Abra,SF Bay Area,Crypto,12,0.05,2022-06-30,Series C,United States,106.0
Advata,Seattle,Healthcare,32,0.21,2022-10-28,NULL,United States,
Airbnb,SF Bay Area,Travel,30,,2023-03-03,Post-IPO,United States,6400.0
Airlift,Lahore,Logistics,,1.0,2022-07-12,Series B,Pakistan,109.0
Allbirds,SF Bay Area,Retail,23,,2022-07-28,Post-IPO,United States,202.0
AllyO,SF Bay Area,HR,,,2020-04-03,Series B,United States,64.0
Anodot,Tel Aviv,Data,35,0.27,2022-07-06,Series C,United States,64.0
App Annie,SF Bay Area,Data,80,0.18,2020-04-28,Unknown,United States,156.0
Aqua Security,Tel Aviv,Security,24,0.09,2020-04-01,Series C,Israel,100.0
Attentive,New York City,Marketing,,0.15,2023-01-05,Series E,United States,863.0
Aura Financial,SF Bay Area,Finance,,1.0,2021-01-11,Unknown,United States,584.0
Aura Financial,SF Bay Area,Finance,,,2020-04-14,Unknown,United States,584.0
AvantStay,Los Angeles,Travel,144,0.22,2022-11-09,Private Equity,United States,686.0
Away,New York City,Retail,60,0.1,2020-04-07,Series D,United States,181.0
BeyondMinds,Tel Aviv,Data,65,1.0,2022-05-23,Series A,Israel,16.0
Bleacher Report,London,Media,20,,2020-09-11,Acquired,United Kingdom,40.5
Bolt,SF Bay Area,Finance,50,0.1,2023-01-24,Series E,United States,1300.0
Bond,SF Bay Area,Finance,,,2022-06-07,Series A,United States,42.0
Borrowell,Toronto,Finance,15,0.2,2020-04-06,Series B,Canada,72.0
Bossa Nova,SF Bay Area,Retail,,0.5,2020-11-02,Unknown,United States,101.6
Built In,Chicago,Recruiting,50,0.25,2022-10-05,Series C,United States,29.0
Cameo,Chicago,Consumer,87,0.25,2022-05-04,Unknown,United States,165.0
Cars24,Gurugram,Transportation,600,0.06,2022-05-19,Series G,India,1300.0
Cart.com,Austin,Retail,,,2023-01-10,Unknown,United States,383.0
Carta,SF Bay Area,Finance,161,0.16,2020-04-15,Series E,United States,447.0
Casper,New York City,Retail,,,2021-09-14,Post-IPO,United States,339.0
Cedar,New York City,Healthcare,,0.24,2022-07-07,Series D,United States,351.0
Change.org,SF Bay Area,Other,,0.19,2022-07-28,Series D,United States,72.0
ClassPass,New York City,Fitness,154,0.22,2020-04-02,Series E,United States,549.0
Clearbit,SF Bay Area,Data,,,2020-04-22,Series A,United States,17.0
Cognyte,Tel Aviv,Security,100,0.05,2022-12-02,Unknown,Israel,
Compass,New York City,Real Estate,450,0.1,2022-06-14,Post-IPO,United States,1600.0
ContaAzul,Joinville,Education,140,0.35,2020-04-17,Series D,Brazil,37.0
Core Scientific,Austin,Crypto,,0.1,2022-08-12,Post-IPO,United States,169.0
Curefit,Bengaluru,Fitness,120,,2020-07-17,Series D,India,404.6
Curefit,Bengaluru,Fitness,800,0.16,2020-05-04,Series D,India,404.0
Currency,Los Angeles,Finance,,,2020-04-01,Unknown,United States,
Deep Instinct,New York City,Security,,0.1,2022-06-06,Series D,United States,259.0
Dispatch,Boston,Technology,,0.38,2020-04-17,Series A,United States,18.0
DoorDash,SF Bay Area,Food,1250,0.06,2022-11-30,Post-IPO,United States,2500.0
Dropbox,SF Bay Area,Technology,315,0.15,2021-01-13,Post-IPO,United States,1700.0
Eat Just,SF Bay Area,Food,40,,2023-02-24,Unknown,United States,465.0
Electric,New York City,Other,81,,2022-08-30,Series D,United States,212.0
Elementor,Tel Aviv,Media,60,0.15,2022-06-15,Unknown,Israel,65.0
Eventbrite,SF Bay Area,Consumer,500,0.45,2020-04-08,Post-IPO,United States,332.0
Facily,Sao Paulo,Retail,260,0.3,2022-04-20,Series D,Brazil,502.0
Fifth Season,Pittsburgh,Food,100,1.0,2022-10-28,Series B,United States,35.0
Fishbrain,Stockholm,Consumer,,,2023-01-17,Unknown,United States,59.0
Foodpanda,Singapore,Food,,,2023-02-13,Acquired,Singapore,749.0
Foodsby,Minneapolis,Food,87,0.67,2020-03-24,Series B,United States,20.0
GoFundMe,SF Bay Area,Finance,94,0.12,2022-10-26,Series A,United States,
Gong,SF Bay Area,Sales,80,0.07,2023-02-08,Series E,United States,583.0
Gusto,SF Bay Area,HR,126,0.05,2023-02-08,Series E,United States,746.0
Health IQ,SF Bay Area,Healthcare,,,2022-12-19,Series D,United States,136.0
Highsnobiety,Berlin,Media,51,0.25,2020-04-01,Series A,Germany,8.5
Hipcamp,SF Bay Area,Travel,,0.6,2020-04-20,Series B,United States,40.5
Homepoint,Phoenix,Real Estate,113,,2022-11-17,Post-IPO,United States,
InDebted,Sydney,Finance,40,0.17,2022-07-26,Series B,Australia,41.0
Innovid,New York City,Marketing,40,0.1,2023-01-23,Post-IPO,United States,295.0
Knotel,New York City,Real Estate,127,0.3,2020-03-27,Series C,United States,560.0
Koinly,London,Crypto,16,0.14,2022-12-06,Unknown,United Kingdom,
Latch,New York City,Security,115,0.37,2022-08-02,Post-IPO,United States,342.0
Lazerpay,Lagos,Crypto,,,2022-11-29,Unknown,Nigeria,
Lightricks,Jerusalem,Consumer,80,0.12,2022-07-04,Series D,Israel,335.0
LiveVox,SF Bay Area,Support,,0.16,2023-01-17,Post-IPO,United States,12.0
Loom,SF Bay Area,Product,34,0.14,2022-06-01,Series C,United States,203.0
LoopMe,London,Marketing,8,0.04,2020-04-09,Unknown,United Kingdom,32.0
Lucid Diagnostics,New York City,Healthcare,,0.2,2023-01-18,Post-IPO,United States,
LumenAd,Missoula,Marketing,,,2020-04-16,Unknown,United States,
Mainstreet,SF Bay Area,Finance,45,0.3,2022-05-04,Series A,United States,64.0
Make School,SF Bay Area,Education,,,2020-03-27,Unknown,United States,
MakeMyTrip,New Delhi,Travel,350,0.1,2020-08-31,Post-IPO,India,548.0
Matterport,SF Bay Area,Data,90,0.34,2020-04-09,Series D,United States,114.0
Medly,New York City,Healthcare,,0.5,2022-09-07,Series C,United States,100.0
Meesho,Bengaluru,Retail,200,0.28,2020-04-08,Series D,India,215.0
Metaplex,Chicago,Crypto,,,2022-11-18,Unknown,United States,
Motif Investing,SF Bay Area,Finance,,1.0,2020-04-18,Series E,United States,126.0
Olist,Curitiba,Retail,,,2023-01-30,Series E,Brazil,322.0
On Deck,SF Bay Area,Education,73,0.33,2022-08-04,Series A,United States,20.0
Oportun,SF Bay Area,Finance,155,0.1,2023-02-09,Post-IPO,United States,566.0
Outreach,Seattle,Sales,70,0.07,2023-02-27,Series G,United States,489.0
Oyster,Charlotte,HR,,,2023-01-11,Series C,United States,224.0
Pagarbook,Bengaluru,HR,80,,2021-07-26,Series A,India,17.0
Pana,Denver,Travel,18,,2020-04-01,Series A,United States,11.0
People.ai,SF Bay Area,Marketing,30,0.18,2020-04-17,Series C,United States,100.0
PetLove,Sao Paulo,Retail,94,,2023-02-13,Series C,Brazil,225.0
Pipedrive,Tallinn,Sales,31,,2020-05-05,Series C,Estonia,90.0
Qualtrics,Salt Lake City,Other,270,0.05,2023-01-11,Post-IPO,United States,400.0
Quandoo,Berlin,Food,87,0.2,2021-02-03,Acquired,Germany,39.0
Reali,SF Bay Area,Real Estate,140,1.0,2022-08-24,Series B,United States,117.0
RedDoorz,Singapore,Travel,,0.1,2020-04-08,Series C,Singapore,134.0
Redfin,Seattle,Real Estate,236,0.07,2020-04-07,Post-IPO,United States,319.0
Rev.com,Austin,Data,85,,2022-10-07,Series D,United States,30.0
Ribbon,New York City,Real Estate,136,,2022-07-28,Series C,United States,405.0
Rover,Seattle,Consumer,194,0.41,2020-03-31,Series G,United States,310.0
Sama,SF Bay Area,Data,,,2022-09-12,Series B,United States,84.0
Sayurbox,Jakarta,Food,,0.05,2022-12-07,Series C,Indonesia,139.0
Secfi,SF Bay Area,Finance,,,2022-06-30,Series A,United States,7.0
Sema4,Stamford,Healthcare,500,,2022-11-14,Post-IPO,United States,791.0
Service,Los Angeles,Travel,,1.0,2020-03-16,Seed,United States,5.1
ShareChat,Bengaluru,Marketing,101,0.25,2020-05-20,Series D,India,222.0
Shef,SF Bay Area,Food,29,,2022-06-02,Series A,United States,28.0
Shift,SF Bay Area,Transportation,,,2022-08-09,Post-IPO,United States,504.0
SkipTheDishes,Winnipeg,Food,350,,2022-09-09,Acquired,Canada,6.0
Splice,New York City,Media,23,,2022-07-20,Series D,United States,159.0
Stash,New York City,Finance,32,0.08,2022-12-06,Unknown,United States,480.0
Stashaway,Singapore,Finance,31,0.14,2022-06-09,Series D,Singapore,61.0
Stitch Fix,SF Bay Area,Retail,330,0.15,2022-06-09,Post-IPO,United States,79.0
StreamElements,Tel Aviv,Media,,0.2,2022-06-23,Series B,Israel,111.0
Superpedestrian,Boston,Transportation,35,0.07,2022-06-22,Series C,United States,261.0
Swyftx,Brisbane,Crypto,74,0.21,2022-08-17,Unknown,Australia,
Symend,Calgary,Other,,0.13,2022-11-17,Series C,Canada,148.0
TaskUs,San Antonio,Support,186,,2023-02-22,Post-IPO,United States,279.0
TenureX,Tel Aviv,Finance,,,2023-02-06,Seed,Israel,6.0
The RealReal,SF Bay Area,Retail,235,0.1,2020-04-14,Post-IPO,United States,358.0
Thimble,New York City,Fin-Tech,20,0.33,2022-07-05,Series A,United States,28.0
Thumbtack,SF Bay Area,Consumer,160,0.14,2022-12-13,Series I,United States,698.0
Tonal,SF Bay Area,Fitness,262,0.35,2022-07-13,Series E,United States,450.0
Tricida,SF Bay Area,Healthcare,,0.57,2022-11-14,Post-IPO,United States,624.0
TwinStrand,Seattle,Healthcare,,0.5,2022-10-05,Series B,United States,73.0
UPshow,Chicago,Marketing,19,0.3,2020-04-24,Series A,United States,7.0
Udemy,SF Bay Area,Education,,0.1,2023-02-14,Post-IPO,United States,311.0
Unico,Sao Paulo,Technology,110,0.1,2023-01-17,Series D,Brazil,336.0
Upstart,SF Bay Area,Finance,365,0.2,2023-01-31,Post-IPO,United States,144.0
VanHack,Vancouver,HR,,,2022-10-11,Seed,United States,
Veem,SF Bay Area,Finance,30,,2020-05-14,Unknown,United States,69.0
Veriff,Tallinn,Security,66,0.12,2023-02-09,Series C,Estonia,192.0
Vise,New York City,Finance,25,,2022-05-04,Series C,United States,128.0
Vox Media,Washington D.C.,Media,,,2020-07-14,Series F,United States,307.6
WeTrade,Bengaluru,Crypto,,1.0,2023-02-09,Unknown,India,
Workday,SF Bay Area,HR,525,0.03,2023-01-31,Post-IPO,United States,230.0
Xiaomi,Beijing,Consumer,,,2022-12-19,Post-IPO,United States,7400.0
Yahoo,SF Bay Area,Consumer,1600,0.2,2023-02-09,Acquired,United States,6.0
Yapily,London,Finance,,,2022-12-01,Series A,United Kingdom,69.0
Yotpo,New York City,Marketing,70,0.09,2022-11-16,Unknown,United States,436.0
Zendesk,SF Bay Area,Support,80,,2022-08-04,Acquired,United States,85.0
Zenefits,SF Bay Area,HR,87,0.15,2020-04-23,Series C,United States,583.0
Zoopla,London,Real Estate,50,,2022-12-23,Series C,United Kingdom,25.0
ezCater,Boston,Food,400,0.44,2020-04-07,Series D,United States,319.0
iRobot,Boston,Consumer,140,0.1,2022-08-05,Acquired,United States,30.0
Airlift,Lahore,Logistics,,0.31,2022-05-25,Series B,Pakistan,109.0
Almanac,SF Bay Area,Technology,,,2022-08-13,Series A,United States,45.0
Alto Pharmacy,SF Bay Area,Healthcare,,,2022-07-14,Series E,United States,560.0
Appgate,Miami,Security,34,0.08,2023-02-01,Post-IPO,United States,
Arch Oncology,St. Louis,Healthcare,,,2023-02-22,Series C,United States,155.0
Argo AI,Munich,Transportation,100,,2020-06-29,Unknown,Germany,3600.0
Arrival,London,Transportation,,0.3,2022-07-13,Post-IPO,United Kingdom,629.0
Article,Vancouver,Retail,216,0.17,2022-08-04,Series B,Canada,
Asana,SF Bay Area,Technology,180,0.09,2022-11-15,Post-IPO,United States,453.0
AskNicely,Portland,Support,,,2020-04-07,Series A,United States,15.0
Astra,SF Bay Area,Aerospace,,0.16,2022-11-08,Post-IPO,United States,300.0
Atlassian,Sydney,Technology,500,0.05,2023-03-06,Post-IPO,Australia,210.0
Awok,Dubai,Retail,,1.0,2020-09-02,Series A,United Arab Emirates,30.0
Babylon,London,Healthcare,100,,2022-07-12,Post-IPO,United Kingdom,1100.0
Beat,Athens,Transportation,,,2022-11-08,Series B,Greece,6.0
BitMEX,Non-U.S.,Crypto,,0.3,2022-11-02,Seed,Seychelles,0.0
Blume Global,SF Bay Area,Logistics,30,0.1,2020-03-30,Unknown,United States,
Britishvolt,London,Transportation,206,1.0,2023-01-17,Unknown,United Kingdom,2400.0
Butterfly Network,Boston,Healthcare,,0.25,2023-01-04,Post-IPO,United States,530.0
Byju's,Bengaluru,Education,2500,0.05,2022-10-12,Private Equity,India,5500.0
Cadre,New York City,Real Estate,28,0.25,2020-05-11,Series C,United States,133.0
Callisto Media,SF Bay Area,Media,140,0.35,2022-07-21,Series D,United States,
Camp K12,Gurugram,Education,,0.7,2023-01-23,Series A,India,16.0
Candidate Labs,SF Bay Area,HR,,,2022-09-21,Seed,United States,5.0
CarDekho,Gurugram,Transportation,200,,2020-05-25,Series D,India,247.0
Caribou,Washington D.C.,Finance,,,2022-12-12,Series C,United States,189.0
Carousell,Singapore,Retail,110,0.1,2022-12-01,Private Equity,Singapore,372.0
Cashfree Payments,Bengaluru,Finance,100,,2023-01-12,Series B,India,41.0
Checkmarx,Tel Aviv,Security,,,2020-05-18,Acquired,Israel,92.0
CityMall,Gurugram,Retail,191,0.3,2022-06-19,Series C,India,112.0
Clear Capital,Reno,Real Estate,250,0.25,2023-01-25,Unknown,United States,
Clyde,New York City,Marketing,22,,2022-04-25,Series B,United States,58.0
Color Health,SF Bay Area,Healthcare,300,,2023-03-01,Series E,United States,482.0
CommonBond,New York City,Finance,22,,2022-05-13,Series D,United States,130.0
Compass,New York City,Real Estate,,,2023-01-05,Post-IPO,United States,1600.0
CreateMe,SF Bay Area,Manufacturing,,,2023-01-06,Unknown,United States,
CrowdStreet,Portland,Real Estate,24,0.22,2020-06-01,Series C,United States,24.0
Cybereason,Boston,Security,100,0.06,2022-06-01,Series F,United States,750.0
Daily Harvest,New York City,Food,,0.15,2022-08-08,Series D,United States,120.0
Divvy,Salt Lake City,Finance,,,2020-05-19,Series C,United States,252.0
Dunzo,Bengaluru,Food,,0.03,2023-01-16,Unknown,India,382.0
Edgio,Phoenix,Infrastructure,95,0.1,2022-12-13,Post-IPO,United States,462.0
Edmodo,SF Bay Area,Education,,1.0,2022-08-16,Acquired,United States,77.0
Element Analytics,SF Bay Area,Data,10,,2020-03-25,Series A,United States,22.0
Elemy,SF Bay Area,Healthcare,,,2022-12-05,Series B,United States,323.0
Embroker,SF Bay Area,Finance,30,0.12,2022-10-25,Series C,United States,142.0
Equitybee,SF Bay Area,Finance,25,0.2,2022-10-31,Series B,United States,85.0
Finder,Sydney,Retail,,0.15,2023-02-03,Unknown,Australia,30.0
FullStory,Atlanta,Marketing,,0.12,2022-09-13,Unknown,United States,197.0
Getir,London,Food,,,2023-02-13,Series E,United Kingdom,1800.0
Getta,Tel Aviv,Transportation,30,,2022-05-31,Series A,Israel,49.0
GitLab,SF Bay Area,Product,130,0.07,2023-02-09,Post-IPO,United States,413.0
Glints,Singapore,HR,198,0.18,2022-12-08,Series D,Singapore,82.0
GoTo Group,Jakarta,Transportation,1300,0.12,2022-11-10,Post-IPO,Indonesia,1300.0
Google,SF Bay Area,Consumer,12000,0.06,2023-01-20,Post-IPO,United States,26.0
Hirect,Bengaluru,Recruiting,200,0.4,2022-11-28,Series A,India,
Homie,Salt Lake City,Real Estate,40,0.13,2022-10-04,Series B,United States,35.0
Hootsuite,Vancouver,Marketing,70,0.07,2023-01-18,Series C,Canada,300.0
HopSkipDrive,Los Angeles,Transportation,8,0.1,2020-03-13,Unknown,United States,45.0
Icertis,Seattle,Legal,,,2023-01-19,Unknown,United States,521.0
Illumina,San Diego,Healthcare,500,0.05,2022-11-14,Post-IPO,United States,28.0
Immersive Labs,Bristol,Security,38,0.1,2022-08-30,Series C,United Kingdom,123.0
Inspirato,Denver,Travel,130,0.22,2020-03-16,Series C,United States,79.0
JetClosing,Seattle,Real Estate,,1.0,2022-06-15,Series B,United States,44.0
Jimdo,Hamburg,Technology,50,0.16,2022-11-15,Unknown,Germany,28.0
Jounce Therapeutics,Boston,Healthcare,,0.57,2023-02-22,Acquired,United States,194.0
Juul,SF Bay Area,Consumer,400,0.3,2022-11-10,Unknown,United States,1500.0
Kiavi,SF Bay Area,Real Estate,39,0.07,2022-07-14,Series E,United States,240.0
Kry,Stockholm,Healthcare,100,0.1,2022-05-17,Series D,Sweden,568.0
Kyruus,Boston,Healthcare,70,,2023-02-05,Unknown,United States,183.0
Lacework,SF Bay Area,Security,300,0.2,2022-05-25,Series D,United States,1900.0
Landing,Birmingham,Real Estate,,,2022-12-14,Series C,United States,347.0
Laybuy,Auckland,Finance,45,,2022-07-28,Post-IPO,New Zealand,130.0
Life360,SF Bay Area,Consumer,,0.14,2023-01-12,Post-IPO,United States,158.0
LivePerson,New York City,Support,193,0.11,2022-09-15,Post-IPO,United States,42.0
LivePerson,New York City,Support,30,,2020-11-01,Post-IPO,United States,42.0
Loggi,Sao Paulo,Logistics,500,0.15,2022-08-08,Series F,Brazil,507.0
Masse,New York City,Retail,,1.0,2020-05-15,Seed,United States,3.0
Moovel,Portland,Transportation,28,0.37,2020-04-01,Unknown,United States,
Mural,SF Bay Area,Product,90,0.1,2022-05-05,Series C,United States,192.0
Mux,SF Bay Area,Infrastructure,40,0.2,2022-09-29,Series D,United States,173.0
Nate,New York City,Retail,,,2023-01-27,Series A,United States,47.0
Natera,SF Bay Area,Healthcare,,,2022-11-22,Post-IPO,United States,809.0
Nutanix,SF Bay Area,Infrastructure,270,0.04,2022-08-09,Post-IPO,United States,1100.0
OPay,Lagos,Finance,,0.7,2020-05-06,Series B,Nigeria,170.0
Olive,Columbus,Healthcare,450,0.31,2022-07-19,Series H,United States,856.0
OpenSea,New York City,Crypto,,0.2,2022-07-14,Series C,United States,427.0
OpenText,Waterloo,Data,,0.08,2023-01-31,Post-IPO,Canada,1100.0
OpenX,Los Angeles,Marketing,35,0.15,2020-04-28,Unknown,United States,70.0
OrCam,Jerusalem,Healthcare,62,0.16,2022-10-23,Unknown,Israel,86.0
Orchard,New York City,Real Estate,,0.1,2022-06-23,Series D,United States,472.0
Otonomo,Tel Aviv,Transportation,80,0.5,2022-12-08,Post-IPO,Israel,231.0
Overtime,New York City,Media,30,0.23,2020-03-25,Series B,United States,35.0
Paddle,London,Finance,,0.08,2023-01-11,Series D,United Kingdom,293.0
Pavilion Data,SF Bay Area,Infrastructure,96,0.96,2022-10-10,Series D,United States,103.0
Payfactors,Boston,HR,46,,2020-04-07,Unknown,United States,
Pegasystems,Boston,HR,245,0.04,2023-01-03,Post-IPO,United States,
Peloton,New York City,Fitness,500,0.12,2022-10-06,Post-IPO,United States,1900.0
Perion,Tel Aviv,Marketing,20,0.05,2022-08-08,Post-IPO,Israel,76.0
Philips,Amsterdam,Healthcare,4000,0.05,2022-10-24,Post-IPO,Netherlands,
Pitch,Berlin,Marketing,59,0.3,2022-09-14,Series B,Germany,137.0
Plum,Bengaluru,Healthcare,36,0.1,2022-11-09,Series A,India,20.0
Podium,Lehi,Support,,0.12,2022-12-01,Series D,United States,419.0
Polarr,SF Bay Area,Consumer,10,,2020-03-29,Series A,United States,13.0
Pollen,London,Marketing,,1.0,2022-08-10,Series C,United Kingdom,238.0
Rad Power Bikes,Seattle,Transportation,100,0.14,2022-04-12,Series D,United States,329.0
Rasa,Berlin,Data,59,0.4,2022-03-30,Series B,Germany,40.0
RedDoorz,Singapore,Travel,,,2020-04-14,Series C,Singapore,134.0
Remesh,New York City,Support,,,2022-07-01,Series A,United States,38.0
RenoRun,Montreal,Construction,70,0.12,2022-08-04,Series B,Canada,163.0
Rigetti Computing,SF Bay Area,Hardware,,0.28,2023-02-10,Post-IPO,United States,298.0
Robinhood,SF Bay Area,Finance,713,0.23,2022-08-02,Post-IPO,United States,5600.0
Rock Content,Belo Horizonte,Marketing,100,0.2,2020-04-06,Series A,Brazil,0.7
Rock Content,Miami,Marketing,,0.15,2023-01-12,Series B,United States,34.0
Root Insurance,Columbus,Finance,330,,2022-01-20,Post-IPO,United States,527.0
Rubicon Technologies,Lexington,Other,,0.11,2022-11-15,Post-IPO,United States,382.0
Rupeek,Bengaluru,Finance,180,0.15,2022-06-07,Unknown,India,172.0
SEND,Sydney,Food,300,1.0,2022-05-04,Seed,Australia,3.0
Salsify,Boston,Retail,60,0.13,2020-04-03,Series D,United States,97.0
Shakepay,Montreal,Crypto,21,0.25,2023-01-27,Series A,Canada,45.0
Sharethrough,SF Bay Area,Marketing,18,,2020-07-01,Series D,United States,38.0
Shopee,Jakarta,Food,,,2022-11-14,Unknown,Indonesia,
Side,SF Bay Area,Real Estate,,0.1,2022-06-01,Unknown,United States,313.0
Signicat,Trondheim,Security,,,2022-11-02,Acquired,Norway,8.0
Snapdocs,SF Bay Area,Real Estate,,0.15,2022-11-03,Series D,United States,253.0
Snyk,Boston,Security,30,,2022-06-30,Series F,United States,849.0
Sojern,SF Bay Area,Marketing,300,0.5,2020-04-03,Series D,United States,162.0
Soluto,Tel Aviv,Support,120,1.0,2022-07-24,Acquired,Israel,18.0
Sonos,New York City,Consumer,174,0.12,2020-06-24,Post-IPO,United States,455.2
Spaces,Los Angeles,Media,,,2020-08-24,Acquired,United States,9.5
Spin,SF Bay Area,Transportation,78,0.1,2022-09-30,Acquired,United States,8.0
SynapseFI,SF Bay Area,Finance,63,0.48,2020-06-12,Series B,United States,50.0
Synapsica,New Delhi,Healthcare,30,0.3,2022-10-21,Series A,India,4.0
Tapps Games,Sao Paulo,Consumer,10,,2022-11-01,Unknown,Brazil,
Trax,Tel Aviv,Retail,120,0.1,2020-05-03,Series D,Israel,386.0
Trivago,Dusseldorf,Travel,,,2020-05-04,Acquired,Germany,55.0
Tuft & Needle,Phoenix,Retail,,,2020-03-19,Acquired,United States,0.0
Validity,Boston,Data,130,0.33,2020-05-06,Private Equity,United States,
Vendasta,Saskatoon,Marketing,,0.05,2022-08-18,Series D,Canada,178.0
Vendease,Lagos,Food,27,0.09,2022-11-25,Series A,Nigeria,43.0
VerticalScope,Toronto,Media,60,0.22,2023-02-01,Post-IPO,Canada,
VideoAmp,Los Angeles,Marketing,21,0.1,2020-04-08,Series C,United States,106.0
WHOOP,Boston,Fitness,,0.04,2023-01-10,Series F,United States,404.0
WanderJaunt,SF Bay Area,Travel,85,1.0,2022-07-01,Series B,United States,26.0
Wish,SF Bay Area,Retail,190,0.15,2022-03-01,Post-IPO,United States,1600.0
Wonder,New York City,Food,130,0.07,2022-11-30,Series B,United States,850.0
Xendit,Jakarta,Finance,,0.05,2022-10-04,Series D,Indonesia,534.0
Zeitgold,Berlin,Finance,75,0.72,2020-07-27,Series B,Germany,60.18
Zenius,Jakarta,Education,,0.3,2022-08-04,Series B,Indonesia,20.0
Zola,New York City,Retail,,0.2,2020-04-08,Series D,United States,140.0
8x8,SF Bay Area,Support,200,0.09,2022-10-04,Post-IPO,United States,253.0
Ada,Toronto,Support,78,0.16,2022-09-20,Series C,Canada,190.0
Ada,Toronto,Support,,,2023-02-01,Series C,Canada,190.0
Alerzo,Ibadan,Retail,400,,2023-03-06,Series B,Nigeria,16.0
Alice,Sao Paulo,Healthcare,63,,2022-07-11,Series C,Brazil,174.0
Antidote Health,Tel Aviv,Healthcare,23,0.38,2022-10-23,Unknown,Israel,36.0
Apollo Insurance,Vancouver,Finance,,0.25,2022-11-15,Series B,Canada,11.0
AppLovin,SF Bay Area,Marketing,300,0.12,2022-06-27,Post-IPO,United States,1600.0
Automatic,SF Bay Area,Transportation,,1.0,2020-05-01,Acquired,United States,24.0
Automox,Boulder,Infrastructure,,0.11,2022-04-18,Series C,United States,152.0
Bally's Interactive,Providence,Other,,0.15,2023-01-18,Post-IPO,United States,946.0
Baton,SF Bay Area,Transportation,16,0.25,2022-06-29,Series A,United States,13.0
Betterfly,Santiago,Healthcare,30,,2022-08-11,Series C,Chile,204.0
Beyond Meat,Los Angeles,Food,40,,2022-08-03,Post-IPO,United States,122.0
BlockFi,New York City,Crypto,,1.0,2022-11-28,Series E,United States,1000.0
Booktopia,Sydney,Retail,,,2022-06-28,Series A,Australia,23.0
Boosted Commerce,Los Angeles,Retail,,0.05,2022-07-22,Series B,United States,137.0
Brightline,SF Bay Area,Healthcare,,0.2,2022-11-01,Series C,United States,212.0
Buy.com / Rakuten,SF Bay Area,Retail,87,1.0,2020-07-30,Acquired,United States,42.4
Capsule,New York City,Healthcare,,0.13,2022-07-19,Series D,United States,570.0
Careem,Dubai,Transportation,536,0.31,2020-05-04,Acquired,United Arab Emirates,771.0
Carta,SF Bay Area,HR,,0.1,2023-01-11,Series G,United States,1100.0
Casper,New York City,Retail,78,0.21,2020-04-21,Post-IPO,United States,339.0
Catch.com.au,Melbourne,Retail,100,,2023-02-06,Acquired,Australia,80.0
Chime,SF Bay Area,Finance,156,0.12,2022-11-02,Series G,United States,2300.0
Citrine Informatics,SF Bay Area,Data,22,0.27,2023-01-20,Series C,United States,64.0
Clearco,Toronto,Fin-Tech,125,0.25,2022-07-29,Series C,Canada,681.0
CloudKitchens,Los Angeles,Real Estate,,,2022-11-03,Unknown,United States,1300.0
Coding Dojo,Seattle,Education,7,0.07,2020-04-02,Unknown,United States,2.0
Cogito,Boston,Support,24,0.14,2020-04-06,Series C,United States,92.0
Coinbase,SF Bay Area,Crypto,1100,0.18,2022-06-14,Post-IPO,United States,549.0
Consider.co,SF Bay Area,Technology,13,1.0,2020-03-26,Seed,United States,5.0
Criteo,Paris,Marketing,,,2023-02-21,Post-IPO,France,61.0
Cyteir Therapeutics,Boston,Healthcare,,0.7,2023-01-20,Series C,United States,156.0
DISCO,Austin,Legal,75,,2020-03-27,Series E,United States,133.0
DailyPay,New York City,Finance,,0.15,2022-08-09,Unknown,United States,814.0
Deliv,SF Bay Area,Retail,669,1.0,2020-05-13,Series C,United States,80.0
Divvy Homes,SF Bay Area,Real Estate,40,0.12,2022-09-27,Series B,United States,180.0
Dock,Sao Paulo,Finance,190,0.12,2022-11-07,Private Equity,Brazil,280.0
DocuSign,SF Bay Area,Sales,671,0.09,2022-09-28,Post-IPO,United States,536.0
Domestika,SF Bay Area,Education,150,0.19,2022-04-28,Series D,United States,130.0
DreamBox Learning,Seattle,Education,,,2022-09-09,Acquired,United States,175.0
Ecobee,Toronto,Energy,47,0.1,2020-03-26,Series C,Canada,149.0
Element,London,Infrastructure,,0.15,2022-12-25,Series B,United Kingdom,96.0
Eruditus,Mumbai,Education,40,,2022-06-04,Series E,India,1200.0
Flockjay,SF Bay Area,Education,37,0.5,2021-08-24,Series A,United States,14.0
Food52,New York City,Food,20,0.1,2022-04-08,Acquired,United States,176.0
Funding Circle,SF Bay Area,Finance,85,,2020-07-08,Post-IPO,United States,746.0
Getaround,SF Bay Area,Transportation,,0.1,2023-02-02,Post-IPO,United States,948.0
Gokada,Lagos,Transportation,20,,2022-11-14,Unknown,Nigeria,12.0
Grover,Berlin,Retail,40,0.1,2022-12-07,Unknown,United States,2300.0
Halcyon Health,New York City,Healthcare,,1.0,2022-04-15,Unknown,United States,2.0
Healthcare.com,Miami,Healthcare,149,,2022-08-03,Series C,United States,244.0
Hopin,London,Technology,242,0.29,2022-07-11,Series D,United Kingdom,1000.0
Houzz,SF Bay Area,Consumer,95,0.08,2022-12-07,Series E,United States,613.0
IRL,SF Bay Area,Consumer,25,0.25,2022-06-02,Series C,United States,197.0
Imperfect Foods,SF Bay Area,Food,50,,2022-07-29,Series D,United States,229.0
Imperfect Foods,SF Bay Area,Food,,,2021-09-22,Series D,United States,229.0
Innovaccer,SF Bay Area,Healthcare,245,0.15,2023-01-24,Series E,United States,379.0
Instamojo,Bengaluru,Finance,6,0.06,2020-04-02,Unknown,India,8.0
KeepTruckin,SF Bay Area,Logistics,349,0.18,2020-03-31,Series D,United States,227.0
Keepe,Seattle,Real Estate,,,2022-06-10,Unknown,United States,6.0
Klarna,Stockholm,Finance,700,0.1,2022-05-23,Unknown,Sweden,3700.0
Labelbox,SF Bay Area,Data,36,,2022-08-08,Series D,United States,188.0
Ladder Life,SF Bay Area,Finance,13,0.25,2020-03-23,Series C,United States,94.0
Latch,New York City,Security,30,0.06,2022-05-10,Post-IPO,United States,342.0
Lattice,SF Bay Area,HR,13,,2022-10-27,Series F,United States,328.0
Lattice,SF Bay Area,HR,,0.15,2023-01-12,Series F,United States,328.0
Leafly,Seattle,Retail,56,0.21,2022-10-18,Post-IPO,United States,71.0
Lemon,Buenos Aires,Crypto,100,0.38,2022-11-24,Series A,Argentina,17.0
Linktree,Melbourne,Consumer,50,0.17,2022-08-09,Unknown,Australia,165.0
Magic Eden,SF Bay Area,Crypto,22,,2023-02-13,Series B,United States,170.0
Mapbox,Washington D.C.,Data,,,2020-04-06,Series C,United States,227.0
Minute Media,London,Media,50,0.1,2023-01-08,Series I,United Kingdom,160.0
Monzo,Las Vegas,Finance,165,,2020-04-09,Series F,United States,324.0
Motif Foodworks,Boston,Food,,,2022-07-06,Series B,United States,344.0
Nate,New York City,Retail,30,,2022-08-30,Series A,United States,47.0
Nearmap,Sydney,Construction,,0.1,2020-04-22,Post-IPO,Australia,15.0
Netlify,SF Bay Area,Product,48,0.16,2022-12-01,Series D,United States,212.0
Nextiva,Phoenix,Other,,0.17,2022-12-06,Private Equity,United States,200.0
Niantic,SF Bay Area,Consumer,85,0.08,2022-06-29,Series D,United States,770.0
OLX Group,Amsterdam,Marketing,1500,0.15,2023-01-30,Acquired,Netherlands,
Oda,Oslo,Food,70,0.18,2022-11-01,Unknown,Norway,477.0
Oda,Oslo,Food,70,0.18,2022-11-01,Unknown,Sweden,377.0
OneWeb,London,Aerospace,451,0.85,2020-03-27,Unknown,United Kingdom,3000.0
Oracle,SF Bay Area,Other,,,2023-01-17,Post-IPO,United States,
Oracle,SF Bay Area,Other,,,2022-08-01,Post-IPO,United States,
Permutive,London,Marketing,30,0.12,2022-08-10,Series C,United Kingdom,105.0
Pix,SF Bay Area,Food,,,2022-08-24,Unknown,United States,
Pleo,Copenhagen,Finance,150,0.15,2022-11-03,Series C,United States,428.0
Quillt,St. Louis,Media,,,2023-02-09,Unknown,United States,
RateGenius,Austin,Finance,,,2023-01-17,Acquired,United States,2.0
Recharge,Los Angeles,Finance,84,0.17,2022-10-27,Series B,United States,277.0
Rent the Runway,New York City,Retail,,0.24,2022-09-12,Post-IPO,United States,526.0
Rent the Runway,New York City,Retail,,,2020-03-28,Series F,United States,541.0
Rivian,Detroit,Transportation,,0.06,2023-02-01,Post-IPO,United States,10700.0
Ro,New York City,Healthcare,,0.18,2022-06-23,Unknown,United States,1000.0
Roofstock,SF Bay Area,Real Estate,,0.2,2022-10-20,Series E,United States,365.0
Route,Lehi,Retail,,,2022-12-05,Unknown,United States,481.0
SAP,Walldorf,Other,3000,0.03,2023-01-26,Post-IPO,Germany,1300.0
SAP Labs,Bengaluru,Technology,300,,2023-02-24,Subsidiary,India,1300.0
SecureWorks,Atlanta,Security,212,0.09,2023-02-07,Post-IPO,United States,83.0
Sema4,Stamford,Healthcare,250,0.13,2022-08-15,Post-IPO,United States,791.0
ShareChat,Bengaluru,Consumer,100,,2022-12-02,Unknown,India,1700.0
Sherpa,Toronto,Travel,22,,2022-07-29,Unknown,Canada,11.0
Shipsi,Los Angeles,Retail,20,0.5,2020-04-28,Seed,United States,2.0
Shuttl,New Delhi,Transportation,40,,2020-04-02,Series C,India,122.0
Sinch,Stockholm,Other,150,,2022-10-12,Post-IPO,Sweden,1500.0
SirionLabs,Seattle,Legal,130,0.15,2023-01-25,Series D,United States,171.0
Socure,Reno,Finance,69,0.13,2022-06-17,Series E,United States,646.0
SoundHound,SF Bay Area,Other,45,0.1,2022-11-10,Post-IPO,United States,326.0
Starship Technologies,Tallinn,Transportation,30,,2020-03-30,Series A,Estonia,82.0
Stash Financial,New York City,Finance,40,0.08,2022-06-30,Unknown,United States,480.0
Stone,Sao Paulo,Finance,1300,0.2,2020-05-12,Post-IPO,Brazil,
StreamSets,SF Bay Area,Data,,,2020-08-20,Series C,United States,76.2
SuperRare,Wilmington,Crypto,,0.3,2023-01-06,Series A,United States,9.0
Synamedia,London,Media,200,0.12,2023-02-22,Unknown,United Kingdom,
The Wing,New York City,Real Estate,56,,2020-07-01,Series C,United States,117.0
The Zebra,Austin,Finance,40,,2022-05-24,Series D,United States,256.0
Thinkific,Vancouver,Education,76,0.19,2023-01-10,Post-IPO,Canada,22.0
Truiloo,Vancouver,Security,24,0.05,2022-09-23,Series D,Canada,474.0
Ualá,Buenos Aires,Finance,53,0.03,2022-11-30,Series D,Argentina,544.0
Udacity,SF Bay Area,Education,55,0.13,2022-10-11,Unknown,United States,235.0
Uncapped,London,Finance,29,0.26,2022-05-27,Unknown,United Kingdom,118.0
UpGrad,Mumbai,Education,120,,2023-03-06,Unknown,India,631.0
Virgin Hyperloop,Los Angeles,Transportation,111,0.5,2022-02-21,Unknown,United States,368.0
Voi,Stockholm,Transportation,100,,2020-04-02,Series B,Sweden,167.0
Vroom,New York City,Transportation,270,0.14,2022-05-09,Post-IPO,United States,1300.0
Wave Sports and Entertainment,Los Angeles,Media,56,0.33,2022-06-13,Series B,United States,65.0
WeWork,New Delhi,Real Estate,100,0.2,2020-05-18,Series H,India,19500.0
Workmotion,Berlin,HR,60,0.2,2022-12-15,Series B,United States,76.0
Yext,New York City,Marketing,,0.08,2023-01-23,Post-IPO,United States,117.0
Zapp,London,Food,,0.1,2022-05-25,NULL,United Kingdom,300.0
Zepto,Brisbane,Finance,,0.1,2022-07-02,Series A,Australia,25.0
Zerto,Boston,Infrastructure,,,2020-03-31,Series E,United States,130.0
Zilingo,Singapore,Retail,44,0.05,2020-04-17,Series D,Singapore,307.0
Zomato,Gurugram,Food,100,0.04,2022-11-19,Series J,India,914.0
Zoox,SF Bay Area,Transportation,100,0.1,2020-04-13,Series B,United States,955.0
Afterverse,Brasilia,Consumer,60,0.2,2022-06-03,Unknown,Brazil,
Agoda,Singapore,Travel,1500,0.25,2020-05-18,Acquired,Singapore,
Ajaib,Jakarta,Finance,67,0.08,2022-11-28,Unknown,Indonesia,245.0
Amber Group,Hong Kong,Crypto,,0.1,2022-09-09,Series B,Hong Kong,328.0
Anagram,Los Angeles,Healthcare,17,,2020-04-03,Series A,United States,14.0
Astronomer,Cincinnati,Data,76,0.2,2023-01-04,Series C,United States,282.0
BVAccel,San Diego,Marketing,25,0.25,2020-04-08,Unknown,United States,
Berkeley Lights,SF Bay Area,Healthcare,,0.12,2022-08-09,Post-IPO,United States,272.0
Blend,SF Bay Area,Finance,340,0.28,2023-01-10,Post-IPO,United States,665.0
Bolt,Lagos,Transportation,17,,2023-02-21,Series F,Nigeria,
Booking.com,Amsterdam,Travel,4375,0.25,2020-07-30,Acquired,Netherlands,
Booking.com,Grand Rapids,Travel,226,,2022-11-01,Acquired,United States,
Brainbase,Los Angeles,Sales,,,2022-07-28,Series A,United States,12.0
Brighte,Sydney,Energy,30,0.15,2022-06-20,Series C,Australia,145.0
Bustle Digital Group,New York City,Media,24,0.08,2020-04-03,Series E,United States,80.0
C6 Bank,Sao Paulo,Finance,60,0.06,2020-04-06,Unknown,Brazil,
CarDekho,Gurugram,Transportation,,,2022-08-03,Series E,India,497.0
Carvana,Phoenix,Transportation,,,2023-01-13,Post-IPO,United States,1600.0
CipherTrace,SF Bay Area,Crypto,,,2020-04-09,Unknown,United States,18.0
Cisco,SF Bay Area,Infrastructure,4100,0.05,2022-11-16,Post-IPO,United States,2.0
Clearco,Toronto,Finance,60,,2022-06-06,Series C,Canada,681.0
Collective Health,SF Bay Area,Healthcare,54,,2023-02-13,Series F,United States,719.0
Connected,Toronto,Product,17,0.1,2020-04-08,Unknown,Canada,
Creditas,Sao Paulo,Finance,,0.06,2020-04-08,Series D,Brazil,314.0
Crejo.Fun,Bengaluru,Education,170,1.0,2022-06-30,Seed,India,3.0
Crunchyroll,Tokyo,Media,85,,2023-02-21,Unknown,Japan,26.0
Crypto.com,Singapore,Crypto,2000,0.3,2022-10-06,Unknown,Singapore,156.0
DJI,SF Bay Area,Consumer,,,2021-02-24,Unknown,United States,105.0
DayTwo,SF Bay Area,Healthcare,,,2022-09-15,Series B,United States,90.0
Docly,London,Healthcare,8,0.8,2020-08-19,Seed,United Kingdom,15.5
EasyPost,Salt Lake City,Logistics,75,,2020-03-11,Series A,United States,12.0
Ejento,SF Bay Area,Recruiting,84,1.0,2020-03-19,Unknown,United States,
Elastic,SF Bay Area,Data,,0.13,2022-11-30,Post-IPO,United States,162.0
Esper,Seattle,Security,,0.21,2023-01-10,Series A,United States,10.0
Ethos Life,SF Bay Area,Finance,18,0.14,2020-06-05,Series C,United States,106.0
Exotel,Bengaluru,Support,142,0.15,2023-01-17,Series D,India,87.0
Firebolt,Tel Aviv,Data,,,2022-09-07,Series C,Israel,264.0
FiscalNote,Washington D.C.,Media,30,,2020-04-02,Series D,United States,50.0
Fiverr,Tel Aviv,Other,60,0.08,2022-07-26,Post-IPO,Israel,111.0
Flyhomes,Seattle,Real Estate,200,0.2,2022-07-20,Series C,United States,310.0
Freshly,Phoenix,Food,329,,2022-12-12,Acquired,United States,107.0
Greenhouse Software,New York City,Recruiting,120,0.28,2020-04-17,Series D,United States,110.0
GumGum,Los Angeles,Marketing,90,0.25,2020-04-20,Series D,United States,58.0
Happy Money,Los Angeles,Finance,158,0.34,2022-11-30,Series D,United States,191.0
HashiCorp,SF Bay Area,Security,69,,2023-01-11,Post-IPO,United States,349.0
Hologram,Chicago,Infrastructure,80,0.4,2022-06-09,Series B,United States,82.0
Homeward,Austin,Real Estate,,0.2,2022-08-10,Series B,United States,160.0
Ignition,Sydney,Finance,,0.1,2023-01-16,Series C,Australia,74.0
Immutable,Sydney,Crypto,20,0.06,2022-07-26,Series C,Australia,279.0
Impact.com,Los Angeles,Marketing,,0.1,2022-08-25,Private Equity,United States,361.0
Improbable,London,Technology,,0.1,2022-12-16,Unknown,United Kingdom,704.0
Infarm,Berlin,Other,500,0.5,2022-11-28,Series D,Germany,604.0
InfluxData,SF Bay Area,Data,65,0.27,2022-11-10,Series D,United States,119.0
Katerra,SF Bay Area,Construction,2434,1.0,2021-06-01,Unknown,United States,1600.0
Knock,New York City,Real Estate,115,0.46,2022-03-15,Unknown,United States,654.0
Kodiak Robotics,SF Bay Area,Transportation,15,0.2,2020-04-15,Series A,United States,40.0
Kune,Nairobi,Food,,1.0,2022-06-23,Seed,Kenya,1.0
Lambda School,SF Bay Area,Education,65,,2021-04-29,Series C,United States,122.0
Lending Club,SF Bay Area,Finance,460,0.3,2020-04-21,Post-IPO,United States,392.0
Lendis,Berlin,Other,18,0.15,2022-07-04,Series A,Germany,90.0
Liv Up,Sao Paulo,Food,100,0.15,2022-02-16,Series D,Brazil,118.0
LiveTiles,New York City,Technology,50,,2020-05-03,Post-IPO,United States,46.0
Livspace,Bengaluru,Retail,450,0.15,2020-05-19,Series D,India,157.0
Loja Integrada,Sao Paulo,Retail,25,0.1,2022-08-25,Acquired,Brazil,
Luxury Presence,Los Angeles,Real Estate,44,,2023-01-17,Series B,United States,31.0
M1,Chicago,Finance,38,,2022-07-19,Series E,United States,323.0
Milkrun,Sydney,Food,,0.2,2023-02-15,Series A,Australia,86.0
MindBody,San Luis Obispo,Fitness,400,0.15,2022-10-26,Post-IPO,United States,114.0
Modern Treasury,SF Bay Area,Finance,,0.18,2022-12-16,Series C,United States,183.0
Mozilla,SF Bay Area,Consumer,250,0.25,2020-08-11,Unknown,United States,2.3
Namogoo,Tel Aviv,Marketing,25,0.15,2022-11-09,Series C,United States,69.0
Navi,Bengaluru,Finance,40,0.25,2020-06-17,Private Equity,India,582.0
Netflix,SF Bay Area,Media,25,,2022-04-28,Post-IPO,United States,
Noom,New York City,Fitness,,,2023-01-25,Series F,United States,657.0
Oda,Oslo,Food,70,0.06,2022-11-01,Unknown,Norway,479.0
Openpay,Melbourne,Finance,83,1.0,2023-02-07,Post-IPO,Australia,299.0
OwnBackup,New York City,Security,170,0.17,2022-11-15,Series E,United States,507.0
PartnerStack,Toronto,Sales,40,0.2,2023-01-24,Series B,Canada,36.0
PayJoy,SF Bay Area,Finance,27,0.25,2020-04-28,Series B,United States,71.0
Pebblepost,New York City,Marketing,,0.6,2020-04-01,Series C,United States,81.0
Peloton,New York City,Fitness,784,0.13,2022-08-12,Post-IPO,United States,1900.0
Petal,New York City,Finance,,,2022-08-18,Series D,United States,704.0
Pliops,Tel Aviv,Data,12,0.09,2022-08-16,Series D,Israel,205.0
Popin,New York City,Fitness,,1.0,2020-03-19,Unknown,United States,13.0
Poshmark,SF Bay Area,Retail,,0.02,2023-02-24,Acquired,United States,153.0
Project44,Chicago,Logistics,63,0.05,2022-07-15,Unknown,United States,817.0
Protocol,SF Bay Area,Media,60,1.0,2022-11-15,Acquired,United States,
Protocol Labs,SF Bay Area,Crypto,89,0.2,2023-02-03,Unknown,United States,10.0
Q4,Toronto,Technology,50,0.08,2022-08-23,Series C,Canada,91.0
RealSelf,Seattle,Healthcare,40,0.13,2020-04-21,Series B,United States,42.0
Remote,SF Bay Area,HR,100,0.09,2022-07-06,Series C,United States,496.0
Repertoire Immune Medicines,Boston,Healthcare,65,0.5,2022-11-08,Series B,United States,257.0
Roku,SF Bay Area,Media,200,0.07,2022-11-17,Post-IPO,United States,208.0
SQZ Biotech,Boston,Healthcare,,0.6,2022-12-01,Post-IPO,United States,229.0
SQream,New York City,Data,30,0.18,2022-07-06,Series B,United States,77.0
Sales Boomerang,Baltimore,Sales,20,,2022-10-20,Private Equity,United States,5.0
Scale AI,SF Bay Area,Data,,0.2,2023-01-09,Series E,United States,602.0
ScaleFactor,Austin,Finance,90,0.9,2020-06-23,Series C,United States,103.0
Service,Los Angeles,Travel,,1.0,2020-03-20,Seed,United States,5.0
Shippo,SF Bay Area,Logistics,60,0.2,2022-11-03,Series E,United States,154.0
ShopX,Bengaluru,Retail,,1.0,2022-08-22,Unknown,India,56.0
Shopee,Singapore,Food,,,2022-06-14,Unknown,Singapore,
Shopify,Ottawa,Retail,1000,0.1,2022-07-26,Post-IPO,Canada,122.0
Sonder,SF Bay Area,Travel,250,0.21,2022-06-08,Post-IPO,United States,839.0
SpotHero,Chicago,Transportation,40,0.21,2020-06-03,Series D,United States,117.0
Sprinklr,New York City,Support,50,,2022-06-22,Post-IPO,United States,429.0
Stripe,SF Bay Area,Finance,1000,0.14,2022-11-03,Series H,United States,2300.0
Studio,SF Bay Area,Education,33,0.4,2022-06-13,Series B,United States,50.0
TIFIN,Boulder,Crypto,24,0.1,2022-06-14,Series D,United States,204.0
Tackle,Boise,Other,,0.15,2023-02-15,Series C,United States,148.0
Tamara Mellon,Los Angeles,Retail,20,0.4,2020-03-12,Series C,United States,90.0
Terminus,Atlanta,Marketing,,,2022-05-27,Series C,United States,120.0
The Muse,New York City,Recruiting,,,2020-04-03,Series B,United States,28.0
Thirty Madison,New York City,Healthcare,24,,2022-05-14,Acquired,United States,209.0
Thoughtworks,Chicago,Other,500,0.04,2023-03-01,Post-IPO,United States,748.0
ThredUp,Chicago,Retail,,0.15,2022-08-15,Post-IPO,United States,305.0
Tilting Point,New York City,Consumer,60,0.14,2023-01-31,Unknown,United States,235.0
Tor,Boston,Security,13,0.37,2020-04-17,Unknown,United States,1.0
Triplebyte,SF Bay Area,Recruiting,15,0.17,2020-03-23,Series B,United States,48.0
TuSimple,San Diego,Transportation,350,0.25,2022-12-21,Post-IPO,United States,648.0
Tufin,Boston,Security,55,0.1,2022-08-21,Acquired,United States,21.0
Twilio,SF Bay Area,Infrastructure,1500,0.17,2023-02-13,Post-IPO,United States,614.0
Twitter,SF Bay Area,Consumer,40,,2023-01-05,Post-IPO,United States,12900.0
Unbounce,Vancouver,Marketing,47,0.2,2022-08-03,Series A,Canada,39.0
Unico,Sao Paulo,Technology,50,0.04,2022-10-24,Series D,Brazil,336.0
Updater,New York City,Other,,,2022-08-16,Unknown,United States,467.0
Vedantu,Bengaluru,Education,100,,2022-08-02,Series E,India,292.0
Vee,Tel Aviv,HR,17,0.5,2022-10-25,Seed,Israel,15.0
VinFast US,Los Angeles,Transportation,80,,2023-02-06,Subsidiary,United States,
Voly,Sydney,Food,,0.5,2022-06-22,Seed,Australia,13.0
Vouch,SF Bay Area,Finance,15,0.07,2022-06-23,Series C,United States,159.0
Vroom,New York City,Transportation,275,0.2,2023-01-18,Post-IPO,United States,1300.0
Wix,Tel Aviv,Marketing,370,0.06,2023-02-15,Post-IPO,Israel,58.0
eBay,SF Bay Area,Retail,500,0.04,2023-02-07,Post-IPO,United States,1200.0
iFit,Logan,Fitness,,,2021-12-08,Private Equity,United States,200.0
nCino,Wilmington,Finance,100,0.07,2023-01-18,Post-IPO,United States,1100.0
Acast,Stockholm,Media,70,0.15,2022-09-15,Post-IPO,Sweden,126.0
Actifio,Boston,Data,54,,2020-12-16,Acquired,United States,352.0
Airbnb,SF Bay Area,Travel,1900,0.25,2020-05-05,Private Equity,United States,5400.0
Airtime,New York City,Consumer,30,0.2,2022-05-23,Series B,United States,33.0
Apartment List,SF Bay Area,Real Estate,29,0.1,2022-08-31,Series D,United States,169.0
Arete,Miami,Security,,,2022-07-22,Unknown,United States,
Argyle,New York City,Finance,20,0.07,2022-08-26,Series B,United States,78.0
Arrival,London,Transportation,,,2022-10-20,Post-IPO,United Kingdom,629.0
Atlanta Tech Village,Atlanta,Real Estate,,0.5,2020-04-02,Unknown,United States,
Banxa,Melbourne,Crypto,70,0.3,2022-06-27,Post-IPO,Australia,13.0
Bcredi,Curitiba,Finance,,,2020-03-27,Series A,Brazil,
Better.com,New York City,Real Estate,900,0.09,2021-12-01,Unknown,United States,905.0
Blockchain.com,London,Crypto,110,0.28,2023-01-12,Series D,United Kingdom,490.0
Blueground,New York City,Real Estate,130,0.25,2020-03-27,Series B,United States,77.0
Brave Care,Portland,Healthcare,40,0.33,2022-09-06,Series B,United States,42.0
Breather,Montreal,Real Estate,120,0.8,2020-12-16,Series D,Canada,131.0
Bullhorn,Boston,Sales,100,,2020-04-30,Acquired,United States,32.0
BuzzFeed,New York City,Media,180,0.12,2022-12-06,Post-IPO,United States,696.0
Bybit,Singapore,Crypto,,0.3,2022-12-03,Unknown,Singapore,
Calm,SF Bay Area,Healthcare,90,0.2,2022-08-11,Series C,United States,218.0
Cameo,Chicago,Consumer,80,,2022-11-09,Unknown,United States,165.0
CarGurus,Boston,Transportation,130,0.13,2020-04-16,Post-IPO,United States,1.0
Carwow,London,Transportation,70,0.2,2022-11-25,Unknown,United Kingdom,157.0
CircleUp,SF Bay Area,Finance,,,2022-07-13,Series C,United States,53.0
Codexis,SF Bay Area,Healthcare,,0.18,2022-11-29,Post-IPO,United States,162.0
CommentSold,Huntsville,Retail,,,2022-06-29,Unknown,United States,
CommonBond,New York City,Finance,,1.0,2022-09-09,Series D,United States,125.0
Convoy,Seattle,Logistics,,,2022-10-25,Series E,United States,1100.0
Crypto.com,Singapore,Crypto,260,0.05,2022-06-10,Unknown,Singapore,156.0
Curative,Los Angeles,Healthcare,109,,2022-09-20,Seed,United States,8.0
D2iQ,SF Bay Area,Infrastructure,34,0.13,2020-04-03,Series D,United States,247.0
Dazn,London,Consumer,50,0.02,2022-05-26,Unknown,United Kingdom,
Devo,Boston,Security,,0.15,2022-11-21,Series F,United States,481.0
Drip,Salt Lake City,Marketing,20,,2020-03-23,Acquired,United States,0.0
Dude Solutions,Raleigh,Technology,,0.2,2020-04-15,Acquired,United States,100.0
Dynamic Signal,SF Bay Area,HR,35,0.19,2020-04-02,Series E,United States,114.0
EMX Digital,New York City,Marketing,100,1.0,2023-02-13,Unknown,United States,
EVgo,Los Angeles,Transportation,40,,2023-02-23,Post-IPO,United States,400.0
Eight Sleep,New York City,Retail,,0.2,2020-03-23,Series C,United States,70.0
Fareportal,Gurugram,Travel,200,,2020-03-26,Unknown,India,
Finite State,Columbus,Security,16,0.2,2022-06-17,Series B,United States,49.0
First AML,Auckland,Finance,,,2022-10-06,Series B,New Zealand,29.0
Flipkart,Bengaluru,Retail,,,2023-03-02,Acquired,India,12900.0
Flymya,Yangon,Travel,200,0.33,2020-04-01,Unknown,Myanmar,
Frubana,Bogota,Food,,0.03,2022-06-21,Series C,Colombia,202.0
GOAT Group,Los Angeles,Retail,,,2020-04-01,Series D,United States,197.0
Geekwire,Seattle,Media,5,0.31,2020-04-10,Unknown,United States,
Genesis,New York City,Crypto,52,0.2,2022-08-17,Series A,United States,
GetYourGuide,Berlin,Travel,90,0.17,2020-10-14,Series E,Germany,656.0
Give Legacy,Boston,Healthcare,,,2022-06-24,Series B,United States,45.0
GloriFi,Dallas,Finance,,1.0,2022-11-21,Unknown,United States,
Gokada,Lagos,Transportation,54,,2023-01-31,Unknown,Nigeria,12.0
Haus,SF Bay Area,Food,,1.0,2022-08-09,Seed,United States,7.0
Headspace,Los Angeles,Healthcare,50,0.04,2022-12-14,Unknown,United States,215.0
Homebound,SF Bay Area,Real Estate,,,2022-12-02,Unknown,United States,128.0
Hopin,London,Technology,138,0.12,2022-02-10,Series D,United States,1000.0
Horizn Studios,Berlin,Travel,15,0.25,2020-04-24,Series B,Germany,30.0
Humu,SF Bay Area,HR,26,,2020-04-02,Series B,United States,40.0
Igenous,Seattle,Data,,,2020-11-17,Series C,United States,67.0
InVision,New York City,Product,,0.5,2022-07-21,Series F,United States,356.0
Invitae,SF Bay Area,Healthcare,1000,,2022-07-19,Post-IPO,United States,2000.0
Jumpcloud,Boulder,Security,100,0.12,2023-01-18,Series F,United States,416.0
Kandela,Los Angeles,Consumer,,1.0,2023-03-02,Acquired,United States,
Klarna,Stockholm,Finance,100,,2022-09-22,Unknown,Sweden,3700.0
Kontist,Berlin,Finance,50,0.25,2022-05-25,Series B,Germany,53.0
Latch,New York City,Security,130,0.28,2022-05-20,Post-IPO,United States,342.0
Lenovo,Raleigh,Hardware,,,2022-12-08,Post-IPO,United States,850.0
Lev,New York City,Real Estate,30,0.3,2022-12-07,Series B,United States,114.0
LinkedIn,SF Bay Area,HR,,,2023-02-13,Acquired,United States,154.0
Loop,Washington D.C.,Finance,15,0.2,2022-08-24,Series A,United States,24.0
Lytics,Portland,Marketing,,,2020-04-08,Series C,United States,58.0
MX,Lehi,Finance,200,,2022-10-11,Series C,United States,450.0
Magicbricks,Noida,Real Estate,250,,2020-05-17,Unknown,India,300.0
MakerBot,New York City,Consumer,12,,2020-06-02,Acquired,United States,10.0
Meta,SF Bay Area,Consumer,11000,0.13,2022-11-09,Post-IPO,United States,26000.0
Mode Analytics,SF Bay Area,Data,17,,2020-05-13,Series C,United States,46.0
Nerdy,St. Louis,Education,,0.17,2022-12-08,Post-IPO,United States,150.0
Nextbite,Denver,Food,,,2022-07-09,Series C,United States,150.0
Nuro,SF Bay Area,Transportation,300,0.2,2022-11-18,Series D,United States,2100.0
OLX India,New Delhi,Marketing,250,,2020-10-10,Acquired,India,28.0
OYO,Gurugram,Travel,600,,2020-12-08,Series F,India,3200.0
Offerpad,Phoenix,Real Estate,,0.07,2022-11-11,Post-IPO,United States,355.0
OneFootball,Berlin,Marketing,62,0.115,2022-12-09,Series D,Germany,442.0
OnlyFans,London,Media,,,2022-08-01,Unknown,United Kingdom,
Otonomo,Tel Aviv,Transportation,,,2022-08-28,Post-IPO,Israel,231.0
Ozy Media,SF Bay Area,Media,,1.0,2021-10-01,Series C,United States,70.0
Packable,New York City,Retail,138,0.2,2022-08-23,Unknown,United States,472.0
Parsable,SF Bay Area,HR,40,0.25,2020-04-15,Series C,United States,72.0
PayPal,SF Bay Area,Finance,2000,0.07,2023-01-31,Post-IPO,United States,216.0
PolicyGenius,New York City,Finance,170,0.25,2022-06-02,Series E,United States,286.0
Postscript,SF Bay Area,Marketing,43,,2022-06-26,Series C,United States,106.0
Primer,London,Finance,85,0.33,2022-12-09,Series B,United Kingdom,73.0
Propzy,Ho Chi Minh City,Real Estate,,0.5,2022-06-07,Series A,Vietnam,33.0
Reach,Calgary,Retail,,0.12,2022-12-16,Series A,Canada,30.0
Redesign Health,New York City,Healthcare,67,0.2,2022-10-10,Series C,United States,315.0
Relativity,Chicago,Legal,150,0.1,2022-12-07,Private Equity,United States,125.0
Rubicon Project,Los Angeles,Marketing,50,0.08,2020-05-06,Post-IPO,United States,60.0
Salesforce,SF Bay Area,Sales,1000,0.0185,2020-08-26,Post-IPO,United States,65.4
Segment,SF Bay Area,Data,50,0.1,2020-05-06,Series D,United States,283.0
Sendle,Sydney,Logistics,27,0.12,2022-07-04,Series C,Australia,69.0
Shop101,Mumbai,Retail,200,0.4,2020-04-15,Series C,India,19.0
Shopify,Ottawa,Retail,30,,2020-08-14,Post-IPO,Canada,122.3
Shopify,Ottawa,Retail,70,,2022-09-01,Post-IPO,Canada,122.0
Snappy,New York City,Marketing,100,0.3,2023-01-15,Series C,United States,104.0
Sonder,SF Bay Area,Travel,400,0.33,2020-03-24,Series D,United States,359.0
SoundHound,SF Bay Area,Other,200,0.5,2023-01-05,Post-IPO,United States,326.0
SquadVoice,Columbus,Real Estate,,,2020-04-16,Series A,United States,2.0
Starship,SF Bay Area,Transportation,,0.11,2022-06-09,Series B,United States,197.0
Stedi,Boulder,Product,23,0.3,2022-08-02,Series B,United States,75.0
Stitch Fix,SF Bay Area,Retail,,0.2,2023-01-05,Post-IPO,United States,79.0
Storytel,Stockholm,Media,100,0.1,2022-03-17,Post-IPO,Sweden,275.0
Stream,Boulder,Product,20,0.12,2022-06-30,Series B,United States,58.0
Substack,SF Bay Area,Media,13,0.14,2022-06-29,Series B,United States,82.0
Superloop,Brisbane,Infrastructure,30,,2020-08-24,Post-IPO,Australia,36.0
Swyftx,Brisbane,Crypto,90,0.4,2022-12-05,Unknown,Australia,
Synthego,SF Bay Area,Healthcare,105,0.2,2022-11-18,Series E,United States,459.0
Talkdesk,SF Bay Area,Support,,,2022-08-05,Series D,United States,497.0
TechAdvance,Lagos,Finance,,,2020-04-08,Unknown,Nigeria,1.0
TextNow,Waterloo,Consumer,22,,2022-07-28,Seed,Canada,1.0
The Org,New Delhi,HR,13,,2022-08-03,Series B,United States,39.0
ThirdLove,New York City,Retail,10,,2020-03-27,Series B,United States,68.0
Thrasio,Boston,Retail,,,2022-05-02,Unknown,United States,3400.0
Till Payments,Sydney,Finance,120,,2023-01-10,Series C,Australia,95.0
Tipalti,SF Bay Area,Finance,123,0.11,2023-01-11,Series F,United States,565.0
TravelTriangle,Gurugram,Travel,250,0.5,2020-03-28,Series D,India,47.0
Traveloka,Jakarta,Travel,100,0.1,2020-04-03,Unknown,Indonesia,
Trax,Singapore,Retail,80,0.08,2022-11-22,Series E,Singapore,1000.0
Tripbam,Dallas,Travel,10,0.25,2020-04-03,Unknown,United States,
TripleLift,New York City,Marketing,23,0.07,2020-04-02,Series B,United States,16.0
TrueCar,Los Angeles,Transportation,219,0.3,2020-05-28,Post-IPO,United States,340.0
TutorMundi,Sao Paulo,Education,4,1.0,2020-04-24,Series A,Brazil,2.0
Twitter,SF Bay Area,Consumer,200,0.1,2023-02-25,Post-IPO,United States,12900.0
Unison,SF Bay Area,Finance,89,0.45,2020-04-08,Series B,United States,40.0
Vacasa,Portland,Travel,1300,0.17,2023-01-24,Post-IPO,United States,834.0
Wayflyer,Dublin,Marketing,200,0.4,2022-11-16,Unknown,Ireland,889.0
WeWork,New York City,Real Estate,300,,2023-01-19,Post-IPO,United States,22200.0
Weee!,SF Bay Area,Food,150,0.1,2022-06-15,Series E,United States,863.0
Western Digital,SF Bay Area,Hardware,251,,2022-11-22,Post-IPO,United States,900.0
When I Work,Minneapolis,HR,55,0.35,2020-04-22,Series B,United States,24.0
Wildlife Studios,Sao Paulo,Consumer,300,0.2,2022-11-28,Unknown,Brazil,260.0
Wizeline,SF Bay Area,Product,,,2022-07-22,Acquired,United States,62.0
Wonderschool,SF Bay Area,Education,50,0.75,2020-03-25,Series A,United States,24.0
Yelp,SF Bay Area,Consumer,1000,0.17,2020-04-09,Post-IPO,United States,56.0
Yonder,Austin,Media,18,,2020-03-20,Series A,United States,16.0
Zego,London,Finance,85,0.17,2022-07-14,Series C,United Kingdom,202.0
Zulily,Seattle,Retail,,,2022-05-16,Acquired,United States,194.0
eGym,Munich,Fitness,100,0.25,2020-04-02,Series D,Germany,109.0
100 Thieves,Los Angeles,Consumer,12,,2022-07-13,Series C,United States,120.0
6sense,SF Bay Area,Sales,150,0.1,2022-10-12,Series E,United States,426.0
Adara,SF Bay Area,Travel,,,2020-03-31,Series C,United States,67.0
Airtame,Copenhagen,Consumer,15,,2022-06-15,Unknown,Denmark,7.0
Amplero,Seattle,Marketing,17,1.0,2020-03-29,Series B,United States,25.0
Argo AI,SF Bay Area,Transportation,259,,2022-11-01,Unknown,United States,3600.0
AtoB,SF Bay Area,Finance,32,0.3,2022-10-19,Series B,United States,177.0
Augury,New York City,Manufacturing,20,0.05,2023-01-04,Series E,United States,274.0
Baraja,Sydney,Transportation,,0.75,2023-02-08,Unknown,Australia,63.0
Bizzabo,New York City,Marketing,100,0.37,2022-12-01,Series E,United States,194.0
BloomTech,SF Bay Area,Education,88,0.5,2022-12-01,Unknown,United States,
Blue Apron,New York City,Food,,0.1,2022-12-08,Post-IPO,United States,352.0
Bounce,Bengaluru,Transportation,40,0.05,2023-01-06,Series D,India,214.0
Brex,SF Bay Area,Finance,62,0.15,2020-05-29,Series C,United States,732.0
Bright Money,Bengaluru,Finance,100,0.5,2022-07-15,Series A,India,31.0
BusBud,Montreal,Transportation,23,0.32,2020-04-06,Series B,Canada,21.0
Byton,SF Bay Area,Transportation,,,2020-06-27,Series C,United States,1200.0
CS Disco,Austin,Legal,62,0.09,2023-01-19,Post-IPO,United States,233.0
Care.com,Boston,Consumer,81,,2020-04-30,Acquired,United States,156.0
Career Karma,SF Bay Area,Education,22,,2023-01-12,Series B,United States,51.0
Chrono24,Karlsruhe,Retail,65,0.13,2023-01-30,Series C,Germany,205.0
Chrono24,Karlsruhe,Retail,80,,2022-12-08,Series C,Germany,205.0
Coda,SF Bay Area,Technology,,,2023-01-18,Series D,United States,240.0
Colossus,Boston,Energy,97,,2022-05-04,Series A,United States,41.0
Confluent,SF Bay Area,Data,221,0.08,2023-01-26,Post-IPO,United States,455.0
Conga,Denver,Data,,0.11,2020-06-15,Acquired,United States,117.0
Cosuno,Berlin,Construction,,,2022-07-14,Series B,Germany,45.0
Daily Harvest,New York City,Food,60,0.2,2022-02-10,Series D,United States,120.0
Digital Currency Gruop,Stamford,Crypto,10,0.13,2022-11-02,Unknown,United States,
Doma,SF Bay Area,Finance,310,0.15,2022-05-10,Post-IPO,United States,679.0
Enjoy,SF Bay Area,Retail,400,0.18,2022-06-30,Post-IPO,United States,310.0
Ermetic,SF Bay Area,Security,30,0.17,2023-01-23,Series B,United States,97.0
F5,Seattle,Security,100,0.01,2022-10-21,Post-IPO,United States,
Fandom,SF Bay Area,Media,,,2023-01-19,Series E,United States,145.0
FarEye,New Delhi,Logistics,250,0.3,2022-06-10,Series E,India,150.0
Fast,SF Bay Area,Finance,,1.0,2022-04-05,Series B,United States,124.0
Flash Coffee,Singapore,Food,,,2022-11-22,Series B,Singapore,57.0
FloQast,Los Angeles,Finance,,,2020-04-10,Series C,United States,119.0
Frequency Therapeutics,Boston,Healthcare,,0.5,2023-02-01,Post-IPO,United States,76.0
Freshbooks,Toronto,Finance,38,0.09,2020-04-21,Series B,Canada,75.0
FrontRow,Bengaluru,Education,130,0.75,2022-10-12,Series A,India,17.0
Gemini,New York City,Crypto,100,0.1,2022-06-02,Unknown,United States,423.0
Genius,New York City,Consumer,,,2021-09-15,Acquired,United States,78.0
GitHub,SF Bay Area,Product,,0.1,2023-02-09,Acquired,United States,350.0
Gorillas,Berlin,Food,540,,2022-07-03,Series C,Germany,1300.0
Gramophone,Indore,Food,75,,2023-01-16,Series B,India,17.0
Her Campus Media,Boston,Media,10,0.18,2020-06-10,Unknown,United States,
HomeLight,SF Bay Area,Real Estate,,0.19,2022-06-29,Series D,United States,743.0
Hootsuite,Vancouver,Marketing,50,0.05,2022-11-01,Series C,Canada,300.0
Hubilo,SF Bay Area,Technology,115,0.35,2023-01-19,Series B,United States,153.0
Industrious,New York City,Real Estate,90,0.2,2020-04-02,Series D,United States,222.0
Infogrid,London,Other,,,2022-11-16,Series A,United Kingdom,15.0
Informatica,SF Bay Area,Data,450,0.07,2023-01-10,Post-IPO,United States,
Intel,SF Bay Area,Hardware,201,,2022-12-06,Post-IPO,United States,12.0
Intercom,SF Bay Area,Support,49,0.05,2022-09-07,Series D,United States,240.0
Intrinsic,SF Bay Area,Technology,40,0.2,2023-01-11,Acquired,United States,
JOKR,New York City,Food,50,0.05,2022-06-16,Series B,United States,430.0
Katerra,SF Bay Area,Construction,240,0.03,2020-04-02,Series D,United States,1200.0
Leafly,Seattle,Retail,91,0.5,2020-03-23,Acquired,United States,2.0
LearnUpon,Dublin,Education,27,0.09,2023-02-07,Private Equity,Ireland,56.0
Limeade,Seattle,HR,,0.15,2023-01-11,Series C,United States,33.0
Loft,Sao Paulo,Real Estate,159,,2022-04-19,Unknown,Brazil,788.0
Loft,Sao Paulo,Real Estate,312,0.12,2022-12-07,Unknown,Brazil,788.0
Loft,Sao Paulo,Real Estate,47,,2020-03-27,Series C,Brazil,263.0
Lora DiCarlo,Bend,Consumer,,1.0,2022-12-02,Unknown,United States,9.0
Lunchbox,New York City,Food,60,0.33,2022-07-21,Series B,United States,72.0
Medly,New York City,Healthcare,,1.0,2023-02-08,Series C,United States,100.0
Megaport,Brisbane,Infrastructure,,,2023-01-05,Post-IPO,Australia,98.0
Mejuri,Toronto,Retail,36,0.15,2020-04-09,Series B,Canada,28.0
Merative,Ann Arbor,Healthcare,200,0.1,2023-02-23,Acquired,United States,
Metromile,SF Bay Area,Finance,100,0.33,2020-04-06,Series E,United States,293.0
Microsoft,Seattle,Technology,,,2022-10-17,Post-IPO,United States,1.0
Migo,SF Bay Area,Finance,,0.25,2020-04-28,Series B,United States,37.0
Mural,SF Bay Area,Product,,,2022-07-21,Series C,United States,192.0
Namogoo,Tel Aviv,Marketing,20,0.15,2023-01-23,Series C,United States,69.0
Nearmap,Sydney,Construction,,0.2,2023-02-08,Acquired,Australia,15.0
Nirvana Money,Miami,Finance,,1.0,2022-11-15,Unknown,United States,
Nuri,Berlin,Finance,45,0.2,2022-05-25,Series B,Germany,42.0
Nuro,SF Bay Area,Transportation,7,,2022-07-13,Series D,United States,2100.0
OFFOR Health,Columbus,Healthcare,16,,2023-01-24,Series A,United States,14.0
OYO,Dallas,Travel,,,2020-06-24,Series F,United States,3200.0
OneTrust,Atlanta,Security,950,0.25,2022-06-09,Series C,United States,926.0
Opendoor,SF Bay Area,Real Estate,600,0.35,2020-04-15,Series E,United States,1500.0
Oscar Health,New York City,Healthcare,70,0.05,2020-04-23,Unknown,United States,1300.0
OutboundEngine,Austin,Marketing,52,0.28,2020-03-25,Series C,United States,48.0
Outdoorsy,SF Bay Area,Transportation,,,2020-06-04,Series C,United States,75.0
Outreach,Seattle,Sales,60,0.05,2022-08-02,Series G,United States,489.0
Owlet,Lehi,Healthcare,,,2022-07-22,Post-IPO,United States,178.0
Pacaso,SF Bay Area,Real Estate,100,0.3,2022-10-11,Series C,United States,217.0
Parallel Wireless,Nashua,Infrastructure,60,,2022-06-29,Unknown,United States,8.0
Pared,SF Bay Area,Food,,,2020-07-29,Unknown,United States,13.0
Pastel,SF Bay Area,Food,,1.0,2022-09-30,Unknown,United States,
PeerStreet,Los Angeles,Finance,75,,2022-05-25,Series C,United States,121.0
Perkbox,London,HR,,,2020-07-27,Unknown,United Kingdom,29.7
Playtika,Tel Aviv,Consumer,600,0.15,2022-12-09,Post-IPO,Israel,
Politico / Protocol,Washington D.C.,Media,13,,2020-04-21,Unknown,United States,
Prime Trust,Las Vegas,Crypto,,0.33,2023-01-30,Series B,United States,176.0
Propzy,Ho Chi Minh City,Real Estate,,1.0,2022-09-13,Series A,Vietnam,33.0
Proton.ai,Boston,Sales,,,2022-11-29,Series A,United States,20.0
Qualcomm,San Diego,Hardware,153,,2022-12-22,Post-IPO,United States,
Quibi,Los Angeles,Media,,1.0,2020-10-21,Private Equity,United States,1800.0
QuintoAndar,Sao Paulo,Real Estate,160,0.04,2022-04-19,Series E,Brazil,755.0
Rebel Foods,Mumbai,Food,,0.02,2023-01-16,Unknown,India,548.0
Relevel,Bengaluru,HR,40,0.2,2023-01-10,NULL,India,
Riot Games,Los Angeles,Consumer,46,,2023-01-19,Acquired,United States,21.0
Ritual,Toronto,Food,23,0.16,2022-06-22,Series C,Canada,134.0
SafeGraph,SF Bay Area,Data,27,0.25,2022-06-27,Series B,United States,61.0
Salesloft,Atlanta,Sales,55,,2020-05-07,Series D,United States,145.0
Scoop,SF Bay Area,Transportation,,,2020-11-17,Series C,United States,95.0
Scoro,London,HR,,0.09,2023-01-24,Series B,United Kingdom,23.0
Shelf Engine,Seattle,Food,43,,2022-07-29,Series B,United States,58.0
Skillshare,New York City,Education,,,2022-08-23,Unknown,United States,136.0
Snaptravel,Toronto,Travel,,,2020-07-16,Series A,Canada,22.4
Splunk,SF Bay Area,Data,325,0.04,2023-02-01,Post-IPO,United States,2400.0
Starry,Boston,Other,,0.5,2022-10-20,Post-IPO,United States,260.0
StockX,Detroit,Retail,100,0.12,2020-04-23,Series C,United States,160.0
StreetBees,London,Data,,,2022-12-20,Unknown,United Kingdom,63.0
Talkdesk,SF Bay Area,Support,,,2023-02-02,Series D,United States,497.0
Tanium,Seattle,Security,30,,2021-08-30,Unknown,United States,1000.0
TechTarget,Boston,Marketing,60,0.05,2022-12-08,Post-IPO,United States,115.0
The Appraisal Lane,Montevideo,Transportation,,,2020-08-07,Seed,Uruguay,1.8
The Guild,Austin,Travel,38,0.22,2020-03-23,Series B,United States,36.0
TheSkimm,New York City,Media,17,0.1,2023-02-01,Series C,United States,28.0
TheSkimm,New York City,Media,26,0.2,2020-05-01,Series C,United States,28.0
ThredUp,Chicago,Retail,243,,2021-02-09,Series F,United States,305.0
TouchBistro,Toronto,Food,131,0.23,2020-04-14,Series E,Canada,224.0
Transfix,New York City,Logistics,24,0.1,2020-04-29,Series D,United States,128.0
Twine Solutions,Tel Aviv,Hardware,30,0.33,2023-01-05,Unknown,Israel,50.0
UiPath,New York City,Data,241,0.06,2022-11-15,Post-IPO,United States,2000.0
Veev,SF Bay Area,Real Estate,100,0.3,2022-11-11,Series D,United States,597.0
Velodyne Lidar,SF Bay Area,Transportation,220,,2023-02-24,Acquired,United States,575.0
VerSe Innovation,Bengaluru,Media,150,0.05,2022-11-25,Series J,India,1700.0
Vial,SF Bay Area,Healthcare,40,,2023-01-13,Series B,United States,101.0
Vox Media,Washington D.C.,Media,39,0.02,2022-07-27,Series F,United States,307.0
WHOOP,Boston,Fitness,95,0.15,2022-07-21,Series F,United States,404.0
Warren,Porto Alegre,Finance,50,,2022-08-17,Series C,Brazil,104.0
WeWork,Shenzen,Real Estate,,,2020-09-23,Series H,China,19500.0
Wish,SF Bay Area,Retail,150,0.17,2023-01-31,Post-IPO,United States,1600.0
Wistia,Boston,Marketing,40,,2022-11-10,Unknown,United States,18.0
Workato,SF Bay Area,Technology,90,0.1,2023-02-01,Series E,United States,415.0
Zest AI,Los Angeles,Finance,,,2020-04-09,Unknown,United States,217.0
Zillow,Seattle,Real Estate,2000,0.25,2021-11-02,Post-IPO,United States,97.0
Zoomo,Sydney,Transportation,,0.16,2022-10-04,Series B,Australia,105.0
Zum,SF Bay Area,Transportation,28,,2020-04-20,Series C,United States,71.0
uShip,Austin,Logistics,65,0.37,2020-03-31,Series D,United States,69.0
2TM,Sao Paulo,Crypto,100,0.15,2022-09-01,Unknown,Brazil,250.0
8x8,SF Bay Area,Support,155,0.07,2023-01-18,Post-IPO,United States,253.0
AU10TIX,Tel Aviv,Security,19,0.09,2023-01-31,Unknown,Israel,80.0
Air,New York City,Marketing,,0.16,2020-09-16,Series A,United States,18.0
Airtasker,Sydney,Consumer,,,2022-07-04,Series C,Australia,26.0
Airy Rooms,Jakarta,Travel,,1.0,2020-05-07,Unknown,Indonesia,
Automation Anywhere,SF Bay Area,Technology,260,0.1,2020-04-27,Series B,United States,840.0
Back Market,Paris,Retail,93,0.13,2022-12-23,Series E,France,1000.0
Berlin Brands Group,Berlin,Retail,100,0.1,2022-06-10,Unknown,Germany,1000.0
BetterCloud,New York City,Security,,,2020-05-13,Series E,United States,111.0
Bizpay,Sydney,Finance,,0.3,2022-05-04,Unknown,Australia,45.0
Bizzabo,New York City,Marketing,120,0.3,2022-07-05,Series E,United States,194.0
Booksy,SF Bay Area,Consumer,200,,2020-04-01,Series B,United States,48.0
Bossa Nova,SF Bay Area,Retail,61,,2020-06-29,Unknown,United States,101.6
Bullish,Hong Kong,Crypto,30,0.08,2022-07-05,Unknown,Hong Kong,300.0
Butler Hospitality,New York City,Food,1000,1.0,2022-07-08,Series B,United States,50.0
Bybit,Singapore,Crypto,,,2022-06-20,Unknown,Singapore,
CNET,SF Bay Area,Media,12,0.1,2023-03-02,Acquired,United States,20.0
CareRev,Los Angeles,Retail,,,2023-01-25,Series A,United States,51.0
Carvana,Phoenix,Transportation,2500,0.12,2022-05-10,Post-IPO,United States,1600.0
Cazoo,London,Transportation,,,2023-01-18,Post-IPO,United Kingdom,2000.0
Cerebral,SF Bay Area,Healthcare,285,0.15,2023-02-27,Series C,United States,462.0
Chargebee,SF Bay Area,Finance,142,0.1,2022-11-02,Series H,United States,468.0
Checkout.com,London,Finance,100,0.05,2022-09-13,Series D,United Kingdom,1800.0
Checkr,SF Bay Area,HR,64,0.12,2020-07-23,Series D,United States,309.0
ChowNow,Los Angeles,Food,40,0.1,2022-12-14,Series C,United States,64.0
CircleCI,SF Bay Area,Product,,0.17,2022-12-07,Series F,United States,315.0
Convoy,Seattle,Logistics,,0.01,2020-04-23,Series D,United States,665.0
Corvus Insurance,Boston,Finance,,0.14,2023-01-24,Series C,United States,160.0
Credit Sesame,SF Bay Area,Finance,22,0.14,2020-06-03,Series F,United States,120.0
DataRails,Tel Aviv,Finance,30,0.18,2022-12-05,Series B,Israel,103.0
DataRobot,Boston,Data,200,,2020-03-27,Series E,United States,430.0
Descartes Labs,Santa Fe,Data,12,0.16,2020-06-02,Series B,United States,58.0
Desktop Metal,Boston,Technology,,,2023-02-02,Post-IPO,United States,811.0
Divvy Homes,SF Bay Area,Real Estate,,0.08,2020-03-25,Series B,United States,180.0
Doma,SF Bay Area,Finance,250,0.13,2022-08-04,Post-IPO,United States,679.0
Drop,Toronto,Marketing,24,,2022-11-01,Series B,Canada,56.0
EasyPost,SF Bay Area,Logistics,50,0.25,2020-04-13,Series A,United States,12.0
Elliptic,London,Crypto,,0.3,2020-04-09,Series B,United Kingdom,40.0
Embark Trucks,SF Bay Area,Transportation,230,0.7,2023-03-03,Post-IPO,United States,317.0
Emotive,Los Angeles,Marketing,30,0.18,2022-07-07,Series B,United States,78.0
Envato,Melbourne,Marketing,100,,2022-06-02,Unknown,Australia,
Esme Learning,Boston,Education,,,2022-06-02,Unknown,United States,37.0
ExtraHop,Seattle,Security,,,2022-10-13,Series C,United States,61.0
Fate Therapeutics,San Diego,Healthcare,315,0.57,2023-01-09,Post-IPO,United States,1200.0
Fireblocks,New York City,Crypto,30,0.05,2023-02-20,Series E,United States,1000.0
Fittr,Pune,Fitness,30,0.11,2023-03-02,Series A,India,13.0
Foodpanda,Singapore,Food,60,,2022-09-07,Acquired,Singapore,749.0
Furlenco,Bengaluru,Retail,180,,2022-03-26,Series D,India,228.0
Gather,SF Bay Area,Consumer,30,0.33,2022-06-02,Series B,United States,76.0
Getir,Istanbul,Food,,0.14,2022-05-25,Series E,Turkey,1800.0
Glossier,New York City,Retail,150,0.38,2020-08-07,Series D,United States,186.4
GoHealth,Chicago,Healthcare,800,0.2,2022-08-09,Post-IPO,United States,75.0
Highspot,Seattle,Sales,100,0.1,2023-02-02,Series F,United States,644.0
Hireology,Chicago,Recruiting,36,0.17,2020-05-12,Series D,United States,52.0
Hopper,Boston,Travel,,,2020-04-06,Series D,United States,183.0
Huobi,Beijing,Crypto,275,0.2,2023-01-06,Unknown,China,2.0
Hydrow,Boston,Fitness,,0.35,2022-07-18,Series D,United States,269.0
ID.me,Washington D.C.,Security,130,,2022-06-07,Unknown,United States,275.0
Ike,SF Bay Area,Transportation,10,0.14,2020-04-22,Series A,United States,52.0
Immutable,Sydney,Crypto,,0.11,2023-02-22,Series C,Australia,279.0
Impossible Foods,SF Bay Area,Food,50,0.06,2022-10-06,Series H,United States,1900.0
InVision,New York City,Product,22,,2021-10-05,Unknown,United States,356.0
Intersect,Toronto,Product,19,0.11,2020-05-13,Acquired,Canada,
Jellysmack,Paris,Media,208,,2023-02-15,Series C,France,22.0
Jumia,Lagos,Retail,900,0.2,2022-11-21,Post-IPO,Nigeria,1200.0
Kitty Hawk,SF Bay Area,Aerospace,100,1.0,2022-09-21,Unknown,United States,1.0
Knotel,New York City,Real Estate,20,0.08,2020-10-29,Series C,United States,560.0
Kongregate,SF Bay Area,Media,12,,2020-07-01,Series C,United States,19.0
Lending Club,SF Bay Area,Finance,225,0.14,2023-01-12,Post-IPO,United States,392.0
Loft,Sao Paulo,Real Estate,340,0.15,2023-03-03,Unknown,Brazil,788.0
Lucira Health,SF Bay Area,Healthcare,26,,2023-02-24,Post-IPO,United States,132.0
Medly,New York City,Healthcare,,0.16,2022-08-04,Series C,United States,100.0
Mercos,Joinville,Sales,51,0.4,2020-05-13,Unknown,Brazil,2.0
Mixpanel,SF Bay Area,Data,65,0.19,2020-05-12,Series B,United States,77.0
Mode Analytics,SF Bay Area,Data,25,,2022-09-12,Series D,United States,81.0
Monzo,London,Finance,120,0.08,2020-06-03,Series F,United Kingdom,324.0
MyGate,Bengaluru,Other,200,0.3,2023-02-20,Series B,India,79.0
N-able Technologies,Raleigh,Other,,,2022-12-09,Post-IPO,United States,225.0
Neon,Sao Paulo,Finance,70,0.1,2020-04-13,Series B,Brazil,120.0
Nylas,SF Bay Area,Product,80,0.25,2022-08-02,Series C,United States,175.0
O'Reilly Media,SF Bay Area,Media,75,0.15,2020-03-25,Unknown,United States,
Omie,Sao Paulo,Finance,136,0.31,2020-04-09,Series B,Brazil,26.0
Opendoor,SF Bay Area,Real Estate,550,0.18,2022-11-02,Post-IPO,United States,1900.0
Orchard,New York City,Real Estate,180,,2022-11-17,Series D,United States,472.0
Outbrain,New York City,Marketing,38,0.03,2022-07-26,Post-IPO,United States,394.0
Papa,Miami,Other,,0.15,2022-07-13,Series D,United States,241.0
Parler,Nashville,Consumer,60,0.75,2023-01-10,Series B,United States,36.0
Passport,Charlotte,Transportation,44,,2020-03-26,Series D,United States,123.0
PaySense,Mumbai,Finance,40,,2020-07-09,Acquired,India,25.6
Paytm,New Delhi,Finance,500,,2020-04-21,Unknown,India,2200.0
Perceptive Automata,Boston,Transportation,,1.0,2022-08-01,Series A,United States,20.0
Petal,New York City,Finance,,,2020-05-12,Series B,United States,47.0
PhableCare,Bengaluru,Healthcare,,0.7,2023-02-14,Series B,India,40.0
Picnic,Seattle,Food,,,2023-02-01,Unknown,United States,52.0
Plerk,Guadalajara,Finance,,0.4,2022-11-29,Series A,Mexico,13.0
Plus One Robotics,San Antonio,Hardware,,0.1,2023-01-26,Series B,United States,43.0
Pomelo Fashion,Bangkok,Retail,55,0.08,2022-09-08,Unknown,Thailand,120.0
Preply,Boston,Education,26,0.05,2022-06-09,Series C,United States,100.0
Properly,Toronto,Real Estate,71,,2022-11-15,Series B,Canada,154.0
Rad Power Bikes,Seattle,Transportation,63,0.1,2022-07-21,Series D,United States,329.0
Redfin,Seattle,Real Estate,862,0.13,2022-11-09,Post-IPO,United States,320.0
Remedy,Austin,Healthcare,82,,2020-10-29,Series A,United States,12.5
RenoRun,Montreal,Construction,210,0.43,2022-10-27,Series B,Canada,163.0
RingCentral,SF Bay Area,Infrastructure,,0.1,2022-11-09,Post-IPO,United States,44.0
Saks.com,New York City,Retail,100,0.05,2023-01-19,Unknown,United States,965.0
Salesforce,SF Bay Area,Sales,1000,0.01,2022-11-07,Post-IPO,United States,65.0
Sana,Seattle,Healthcare,,0.15,2022-11-30,Series A,United States,700.0
SellerX,Berlin,Retail,28,,2022-07-19,Unknown,Germany,766.0
SimilarWeb,New York City,Security,120,0.1,2022-11-16,Post-IPO,United States,235.0
Skillz,SF Bay Area,Consumer,,,2022-08-29,Post-IPO,United States,287.0
Snowplow,London,Data,40,,2023-02-02,Series B,United States,55.0
Sonder,SF Bay Area,Travel,100,0.14,2023-03-01,Post-IPO,United States,839.0
SoundCloud,Berlin,Consumer,,0.2,2022-08-03,Unknown,Germany,542.0
Splunk,SF Bay Area,Data,70,0.01,2020-06-16,Post-IPO,United States,40.0
Spotify,Stockholm,Media,,,2022-10-06,Post-IPO,Sweden,2100.0
Spring,SF Bay Area,Retail,,,2022-07-12,Unknown,United States,61.0
Sprinklr,New York City,Support,,,2020-06-25,Series F,United States,228.0
Stack Overflow,New York City,Recruiting,40,0.15,2020-05-05,Series D,United States,68.0
Stockwell AI,SF Bay Area,Retail,,1.0,2020-06-15,Series B,United States,10.0
Studio,SF Bay Area,Education,,,2022-11-03,Series B,United States,50.0
Submittable,Missoula,Technology,30,0.2,2020-04-25,Series B,United States,17.0
Swiggy,Bengaluru,Food,800,,2020-04-21,Series I,India,1600.0
Tapas Media,SF Bay Area,Media,,,2022-07-28,Acquired,United States,17.0
Teladoc Health,New York City,Healthcare,300,0.06,2023-01-18,Post-IPO,United States,172.0
The Iconic,Sydney,Retail,69,0.06,2023-02-23,Unknown,Australia,
The Modist,Dubai,Retail,,1.0,2020-04-02,Unknown,United Arab Emirates,
The Zebra,Austin,Finance,50,,2022-11-15,Series D,United States,256.0
Tonkean,SF Bay Area,Technology,23,0.23,2022-06-15,Series B,United States,83.0
Toppr,Mumbai,Education,350,,2022-06-29,Acquired,India,112.0
Tulip Retail,Toronto,Retail,14,,2020-04-15,Series B,Canada,51.0
Uber,Amsterdam,Transportation,225,0.25,2020-06-12,Post-IPO,Netherlands,24700.0
Uber,SF Bay Area,Transportation,3000,0.13,2020-05-18,Post-IPO,United States,24700.0
Unacademy,Bengaluru,Education,150,0.03,2022-06-18,Series H,India,838.0
Uniphore,SF Bay Area,Support,76,0.1,2023-01-03,Series E,United States,620.0
Unity,SF Bay Area,Other,200,0.04,2022-06-29,Post-IPO,United States,1300.0
Vedantu,Bengaluru,Education,385,,2022-12-07,Series E,India,292.0
Venafi,Salt Lake City,Security,,,2022-11-30,Acquired,United States,167.0
Venngage,Toronto,Marketing,11,0.2,2023-01-24,Unknown,Canada,
Vox Media,Washington D.C.,Media,130,0.07,2023-01-20,Series F,United States,307.0
WalkMe,SF Bay Area,Technology,43,0.03,2023-01-08,Post-IPO,United States,307.0
Wavely,SF Bay Area,HR,,1.0,2022-11-10,Unknown,United States,
Wheel,Austin,Healthcare,35,0.17,2022-08-18,Series C,United States,215.0
Workable,Boston,Recruiting,25,0.1,2020-05-05,Series C,United States,84.0
Zencity,Tel Aviv,Other,30,0.2,2022-07-20,Unknown,Israel,51.0
Zenjob,Berlin,HR,,,2022-09-29,Series D,Germany,107.0
Zeus Living,SF Bay Area,Real Estate,80,0.3,2020-03-24,Series B,United States,79.0
ZipRecruiter,Los Angeles,Recruiting,400,0.39,2020-03-29,Series B,United States,219.0
iFit,Logan,Fitness,300,0.2,2022-11-14,Private Equity,United States,200.0
tZero,New York City,Finance,,,2020-07-30,Acquired,United States,472.0
"#Paid",Toronto,Marketing,19,0.17,2023-01-27,Series B,Canada,21.0
&Open,Dublin,Marketing,9,0.09,2022-11-17,Series A,Ireland,35.0
AdRoll,Salt Lake City,Marketing,210,0.3,2020-03-31,Series C,United States,89.0
American Robotics,Boston,Technology,50,0.65,2023-01-17,Acquired,United States,92.0
Amobee,SF Bay Area,Marketing,,,2022-11-09,Acquired,United States,72.0
Anyvision,Tel Aviv,Security,,,2020-03-19,Series A,Israel,74.0
Anywell,Tel Aviv,Real Estate,11,,2022-08-14,Series A,Israel,15.0
Appgate,Miami,Security,130,0.22,2022-07-21,Post-IPO,United States,
Arch Oncology,Brisbane,Healthcare,,1.0,2023-01-13,Series C,United States,155.0
Argo AI,Pittsburgh,Transportation,150,0.05,2022-07-07,Unknown,United States,3600.0
Armis,SF Bay Area,Security,25,0.04,2022-12-08,Private Equity,United States,537.0
Arrive Logistics,Austin,Logistics,75,0.07,2020-04-03,Series B,United States,35.0
Artnight,Berlin,Retail,26,0.36,2022-08-31,Unknown,Germany,
Automox,Boulder,Infrastructure,,,2022-06-13,Series C,United States,152.0
Beamery,London,HR,,0.12,2023-01-10,Series D,United States,223.0
Benevity,Calgary,Technology,137,0.14,2023-01-18,Unknown,Canada,69.0
BitTitan,Seattle,Data,70,0.27,2021-11-18,Acquired,United States,46.0
Bitso,Mexico City,Crypto,100,,2022-11-29,Series C,Mexico,378.0
Bitso,Mexico City,Crypto,80,0.11,2022-05-26,Series C,Mexico,378.0
BlockFi,New York City,Crypto,250,0.2,2022-06-13,Series E,United States,1000.0
Booktopia,Sydney,Retail,30,,2023-01-23,Series A,Australia,23.0
Bridgit,Waterloo,Construction,13,0.13,2022-12-06,Series B,Canada,36.0
Brodmann17,Tel Aviv,Technology,,1.0,2022-12-09,Series A,Israel,25.0
CaptivateIQ,SF Bay Area,Sales,31,0.1,2022-11-15,Series C,United States,164.0
Cardlytics,Atlanta,Marketing,51,,2022-11-14,Post-IPO,United States,212.0
Catalyst,New York City,Support,,,2022-07-21,Series B,United States,45.0
Clubhouse,SF Bay Area,Consumer,,,2022-06-03,Series C,United States,110.0
Clutch,Toronto,Transportation,150,,2023-01-17,Unknown,Canada,253.0
CoachHub,Berlin,HR,,0.1,2023-01-24,Series C,Germany,332.0
CoinJar,Melbourne,Crypto,10,0.2,2022-11-29,Unknown,Australia,1.0
ConsenSys,New York City,Crypto,91,0.14,2020-04-20,Unknown,United States,10.0
Crayon,Boston,Marketing,20,0.2,2020-04-01,Series A,United States,16.0
Crehana,Lima,Education,,,2022-06-15,Series B,Peru,93.0
Cruise,SF Bay Area,Transportation,150,0.08,2020-05-14,Acquired,United States,5300.0
Crypto.com,Singapore,Crypto,,,2022-08-16,Unknown,Singapore,156.0
Cypress.io,Atlanta,Product,,,2023-01-18,Series B,United States,54.0
Cyren,Washington D.C.,Security,121,,2023-02-01,Post-IPO,United States,161.0
Dance,Berlin,Transportation,,0.16,2022-11-16,Unknown,Germany,63.0
Daniel Wellington,Stockholm,Retail,200,0.15,2022-06-09,Unknown,Sweden,
Datto,Norwalk,Infrastructure,,,2020-05-12,Acquired,United States,100.0
Desktop Metal,Boston,Technology,,,2020-04-28,Series E,United States,436.0
Domio,New York City,Real Estate,,0.5,2020-11-18,Series B,United States,116.0
DriveWealth,Jersey City,Finance,,0.2,2023-01-26,Series D,United States,550.0
Electronic Arts,Baton Rouge,Consumer,200,,2023-02-28,Post-IPO,United States,2.0
Enjoei,Sao Paulo,Retail,31,0.1,2023-01-20,Unknown,Brazil,14.0
Eucalyptus,Sydney,Healthcare,50,0.2,2022-07-22,Series C,United States,69.0
Everlane,SF Bay Area,Retail,227,,2020-03-27,Unknown,United States,18.0
Everlane,SF Bay Area,Retail,30,0.17,2023-01-05,Unknown,United States,176.0
Fandom,SF Bay Area,Media,,0.14,2020-04-30,Series E,United States,145.0
Fluke,Sao Paulo,Hardware,83,0.82,2022-08-17,Seed,Brazil,
Flytedesk,Boulder,Marketing,4,0.2,2020-03-18,Seed,United States,4.0
Food52,New York City,Food,21,0.15,2022-06-03,Acquired,United States,176.0
Freshworks,SF Bay Area,Support,90,0.02,2022-12-15,Post-IPO,United States,484.0
Funding Societies,Singapore,Finance,65,0.18,2020-04-16,Series B,Singapore,42.0
Gavelytics,Los Angeles,Legal,,1.0,2022-06-30,Seed,United States,5.0
Genome Medical,SF Bay Area,Healthcare,23,,2022-09-08,Series C,United States,120.0
GetNinjas,Sao Paulo,Consumer,11,0.1,2020-04-08,Series B,Brazil,16.0
Glassdoor,SF Bay Area,Recruiting,300,0.3,2020-05-07,Acquired,United States,204.0
Glitch,New York City,Product,18,0.36,2020-05-21,Series A,United States,30.0
GoDaddy,Phoenix,Marketing,530,0.08,2023-02-08,Post-IPO,United States,800.0
GoPro,SF Bay Area,Consumer,200,0.2,2020-04-15,Post-IPO,United States,288.0
GoStudent,Vienna,Education,200,,2022-09-08,Series D,Austria,686.0
GoodRx,Los Angeles,Healthcare,140,0.16,2022-08-31,Post-IPO,United States,910.0
Gopuff,Philadelphia,Food,250,,2022-10-19,Series H,United States,3400.0
Gorillas,Berlin,Food,300,0.5,2022-05-24,Series C,Germany,1300.0
Grin,Sacramento,Marketing,60,0.13,2022-11-30,Series B,United States,145.0
Guardant Health,SF Bay Area,Healthcare,130,0.07,2023-01-25,Post-IPO,United States,550.0
Gympass,Sao Paulo,Fitness,467,0.33,2020-04-03,Series D,Brazil,300.0
HOOQ,Singapore,Consumer,250,1.0,2020-03-27,Unknown,Singapore,95.0
HP,Tel Aviv,Hardware,100,,2023-02-19,Post-IPO,Israel,4200.0
HackerEarth,SF Bay Area,HR,,0.08,2023-02-14,Series B,United States,11.0
Heycar,Berlin,Transportation,73,,2023-01-27,Unknown,Germany,
HighRadius,Bengaluru,Finance,25,,2022-11-09,Series C,India,475.0
HubHaus,SF Bay Area,Real Estate,,1.0,2020-09-11,Series A,United States,13.4
Humble,SF Bay Area,Media,10,,2022-04-15,Acquired,United States,4.0
Hyperscience,New York City,Data,100,0.25,2022-03-03,Series E,United States,289.0
Ibotta,Denver,Retail,87,0.15,2020-04-07,Series D,United States,85.0
Ideoclick,Seattle,Retail,40,,2022-05-04,Series A,United States,7.0
Indigo,Boston,Other,,,2023-03-03,Series F,United States,1200.0
Karbon,SF Bay Area,Security,,0.23,2022-09-12,Series B,United States,91.0
Kinde,Sydney,Technology,8,0.28,2023-02-20,Seed,Australia,10.0
Konfio,Mexico City,Finance,180,,2022-09-23,Series E,United States,706.0
Lattice,SF Bay Area,HR,16,0.1,2020-05-15,Series C,United States,49.0
Lendi,Sydney,Real Estate,100,,2023-03-03,Unknown,Australia,59.0
LetsGetChecked,New York City,Healthcare,,,2022-07-02,Series D,United States,263.0
Levelset,New Orleans,Construction,,,2020-04-01,Series C,United States,46.0
Lido,Mumbai,Education,150,,2022-02-21,Series A,India,24.0
Lightico,Tel Aviv,Finance,20,,2022-03-31,Series B,Israel,42.0
Marketforce,Nairobi,Retail,54,0.09,2022-08-11,Series A,Kenya,42.0
Medallia,SF Bay Area,Support,59,,2023-02-24,Acquired,United States,325.0
Meesho,Bengaluru,Retail,300,,2022-08-29,Series F,India,1100.0
Memmo,Stockholm,Consumer,,0.4,2022-06-08,Unknown,Sweden,24.0
Messari,New York City,Crypto,,0.15,2023-02-23,Series B,United States,61.0
Mindstrong,SF Bay Area,Healthcare,127,,2023-02-02,Series C,United States,160.0
Mudafy,Mexico City,Real Estate,,0.7,2023-01-19,Series A,United States,13.0
N26,New York City,Finance,9,0.01,2020-05-08,Series D,United States,782.0
NCC Group,Manchester,Security,125,0.07,2023-02-02,Post-IPO,United Kingdom,
NanoString,Seattle,Healthcare,,0.1,2022-11-08,Post-IPO,United States,731.0
Nativo,Los Angeles,Marketing,,0.4,2020-03-26,Series B,United States,35.0
Neon,Sao Paulo,Finance,210,0.09,2023-02-15,Series D,Brazil,720.0
New Relic,SF Bay Area,Infrastructure,110,0.05,2022-08-18,Post-IPO,United States,214.0
Noom,New York City,Healthcare,500,0.1,2022-10-11,Series F,United States,657.0
OKCredit,New Delhi,Finance,30,,2022-02-24,Series B,India,85.0
Open Co,Sao Paulo,Finance,,,2023-02-10,Series D,Brazil,140.0
Oracle,SF Bay Area,Other,200,,2022-11-01,Post-IPO,United States,
Pecan AI,Tel Aviv,Data,30,0.25,2023-01-05,Series C,Israel,116.0
Peloton,New York City,Fitness,2800,0.2,2022-02-08,Post-IPO,United States,1900.0
People.ai,SF Bay Area,Sales,,,2022-07-22,Series D,United States,200.0
Personetics,New York City,Support,30,0.08,2023-01-05,Private Equity,United States,178.0
Pico Interactive,SF Bay Area,Other,400,0.2,2023-02-16,Acquired,United States,62.0
Pinterest,SF Bay Area,Consumer,150,,2023-02-01,Post-IPO,United States,1500.0
Protego Trust Bank,Seattle,Crypto,,0.5,2023-03-01,Series A,United States,70.0
PuduTech,Shenzen,Hardware,1500,,2022-07-08,Series C,China,184.0
Quantcast,SF Bay Area,Marketing,30,0.05,2020-04-08,Series C,United States,65.0
QuintoAndar,Sao Paulo,Real Estate,88,0.08,2020-04-17,Series D,Brazil,335.0
Rappi,Buenos Aires,Food,,,2023-01-17,Unknown,Argentina,2300.0
Redbubble,Melbourne,Retail,,0.14,2023-01-18,Post-IPO,Australia,55.0
ResearchGate,Berlin,Technology,25,0.1,2022-11-28,Series D,Germany,87.0
Rhino,New York City,Real Estate,57,0.2,2022-02-03,Unknown,United States,133.0
RigUp,Austin,Energy,120,0.25,2020-03-30,Series D,United States,423.0
Ritual,Toronto,Food,196,0.54,2020-04-02,Series C,Canada,112.0
SADA,Los Angeles,Other,,0.11,2022-11-08,Acquired,United States,
SSense,Montreal,Retail,138,0.07,2023-01-27,Series A,Canada,
SWVL,Cairo,Transportation,,0.5,2022-11-23,Post-IPO,Egypt,264.0
Salsify,Boston,Retail,90,0.11,2022-11-16,Series F,United States,452.0
Sami,Sao Paulo,Healthcare,75,0.15,2022-06-14,Unknown,Brazil,36.0
Science 37,Los Angeles,Healthcare,90,,2022-11-14,Post-IPO,United States,347.0
SendCloud,Eindhoven,Logistics,,0.1,2022-11-10,Series C,United States,200.0
Sendy,Nairobi,Logistics,30,0.1,2022-08-02,Series B,Kenya,26.0
Sensibill,Toronto,Finance,17,0.2,2020-04-01,Series B,Canada,50.0
Sezzle,Minneapolis,Finance,,0.2,2022-03-10,Post-IPO,United States,301.0
Simon Data,New York City,Marketing,6,,2020-04-23,Series C,United States,68.0
Singular,SF Bay Area,Marketing,,,2020-04-23,Series B,United States,50.0
Siteimprove,Minneapolis,Marketing,40,,2020-03-31,Unknown,United States,55.0
Smartsheet,Seattle,Other,85,0.03,2023-02-16,Post-IPO,United States,152.0
Socure,Reno,Finance,104,0.19,2023-01-05,Series E,United States,646.0
Sono Motors,Munich,Transportation,300,,2023-02-27,Post-IPO,Germany,126.0
Spin,SF Bay Area,Transportation,,0.25,2022-01-08,Acquired,United States,8.0
Spreetail,Austin,Retail,,,2022-10-27,NULL,United States,
Sprinklr,New York City,Support,100,0.04,2023-02-15,Post-IPO,United States,429.0
Sunday,Atlanta,Finance,90,0.23,2022-06-24,Series A,United States,124.0
SuperLearn,Bengaluru,Education,,1.0,2022-06-21,Seed,India,0.0
Superhuman,SF Bay Area,Consumer,23,0.22,2022-06-03,Series C,United States,108.0
Swiggy,Bengaluru,Food,250,0.03,2022-12-08,Unknown,India,3600.0
Swyft,Toronto,Logistics,10,0.3,2022-06-15,Series A,Canada,20.0
Synergysuite,Salt Lake City,Food,5,0.07,2020-04-02,Series A,United States,6.0
Talis Biomedical,SF Bay Area,Healthcare,,0.25,2022-03-15,Post-IPO,United States,8.0
Tally,SF Bay Area,Finance,28,0.23,2020-05-07,Series C,United States,92.0
Tempo Automation,SF Bay Area,Other,54,,2022-08-17,Series C,United States,74.0
The Grommet,Boston,Retail,40,1.0,2022-06-09,Acquired,United States,5.0
The Sill,New York City,Retail,20,0.25,2020-05-28,Series A,United States,7.0
Thirty Madison,New York City,Healthcare,,0.1,2022-08-18,Series C,United States,209.0
Tiendanube,Buenos Aires,Marketing,50,0.05,2022-10-17,Unknown,Argentina,
Tier Mobility,Berlin,Transportation,80,0.07,2023-01-25,Series D,Germany,646.0
TikTok India,Mumbai,Consumer,40,,2023-02-10,Acquired,India,9400.0
TripActions,SF Bay Area,Travel,300,0.25,2020-03-25,Series D,United States,981.0
Uberflip,Toronto,Marketing,31,0.17,2022-08-05,Series A,Canada,42.0
Unity,SF Bay Area,Other,284,0.03,2023-01-17,Post-IPO,United States,1300.0
Urban Sports Club,Berlin,Fitness,55,0.15,2022-09-01,Unknown,Germany,95.0
Utopia Music,Zug,Media,,,2022-11-24,Series B,Switzerland,
Vacasa,Portland,Travel,,,2020-03-20,Series C,United States,526.0
Vanta,SF Bay Area,Security,,0.14,2022-12-08,Series B,United States,203.0
Vesalius Therapeutics,Boston,Healthcare,29,0.43,2022-09-19,Series B,United States,75.0
Virtudent,Boston,Healthcare,70,,2020-05-01,Series A,United States,10.0
Wallbox,Barcelona,Energy,,0.15,2023-01-19,Post-IPO,Spain,167.0
WeWork,SF Bay Area,Real Estate,300,,2020-04-29,Series H,United States,2250.0
Whereby,Oslo,Infrastructure,,,2022-08-01,Series A,Norway,10.0
Whispir,Melbourne,Infrastructure,,0.3,2022-11-15,Post-IPO,Australia,68.0
WhiteHat Jr,Mumbai,Education,1800,,2021-01-06,Acquired,India,11.0
Zilingo,Singapore,Retail,100,0.12,2020-07-09,Series D,Singapore,307.0
Zumper,SF Bay Area,Real Estate,45,0.15,2022-06-16,Series D,United States,178.0
Zymergen,SF Bay Area,Other,,0.1,2020-05-13,Series C,United States,574.0
divvyDOSE,Davenport,Healthcare,62,,2022-05-06,Acquired,United States,0.0
